Disaster_Severity,Population_Density_scaled,Avg_Income_scaled,Response_Time_hr,Damage_Cost_USD_scaled,City_encoded,Disaster_Type_encoded,Urban_Planning_Type_encoded,Response_Time_by_Disaster,Disaster_Response_Interaction,Severity_Response_Interaction,Recovery_Time_days
3.2,-0.9126816079039833,-1.2244339723222633,49.05,-0.06600670199372298,92.07214185964433,86.64323068985583,83.7552360461252,0.6758271149361109,4249.850465337428,156.96,17
3.09,-1.630391752159741,1.0655479440145499,15.12,-0.4281196922482126,85.78018855797596,86.64323068985583,96.7004105274642,-0.9176327585609871,1310.04564803062,46.7208,54
7.83,-0.7851834235302554,0.37351479192893,25.16,-0.5406458757595789,99.07272504545242,97.72096194871693,91.84597009696208,-0.7015853022282986,2458.659402629718,197.0028,225
4.23,0.38516465187600174,1.2776023488801451,19.78,-1.1440855368599325,92.07214185964433,91.02823199612803,91.84597009696208,-0.9209584005263399,1800.5384288834125,83.66940000000001,65
3.64,0.4975490697130264,1.1459442889626947,14.65,-1.1426322300955536,77.63211182942362,86.64323068985583,88.60967647662733,-0.9397054417482443,1269.323329606388,53.326,75
4.42,1.0800103800890544,1.4371382508165635,60.22,-0.9098177444869718,92.07214185964433,83.9818168308325,91.84597009696208,1.394785492342843,5057.385009552733,266.1724,55
5.81,-0.24457562048663659,-0.9204055394842521,33.82,-0.4877243557292989,92.07214185964433,86.2603124030711,96.7004105274642,0.005409687153613235,2917.3237654718646,196.49419999999998,162
3.06,-1.5951262969074331,-0.16138178068911688,29.48,-1.1908732949258989,85.30429001139386,97.72096194871693,91.84597009696208,-0.49520103546938804,2880.8139582481754,90.2088,84
4.56,1.114500770390762,-1.02289088493923,19.81,-0.7324931747818294,94.78201267038587,83.9818168308325,89.00913420936939,-0.5860333683902151,1663.6797914187916,90.33359999999999,82
4.59,-0.4061766626867721,-1.0455511527005499,37.18,-1.0286074102336022,99.07272504545242,91.02823199612803,88.60967647662733,-0.08340258834690957,3384.42966561604,170.65619999999998,19
1.57,0.6242721891361542,1.238489584189598,71.72,-0.9957387354781276,96.89157509333708,91.02823199612803,88.60967647662733,1.5791938342207643,6528.544798762302,112.60040000000001,45
7.76,0.36113763840739643,-1.179227690250521,21.84,-0.5399082057442093,85.78018855797596,86.64323068985583,88.60967647662733,-0.6020403521389269,1892.2881582664513,169.4784,23
5.57,-1.1231117419919296,1.3853052685927714,22.19,0.33927291876317617,80.6429909237635,86.2603124030711,96.7004105274642,-0.5407609978245576,1914.1163322241478,123.59830000000001,108
9.27,0.2592165974034741,0.7029455753497991,2.38,2.6388107361135713,96.89157509333708,86.2603124030711,88.60967647662733,-1.4710826890900404,205.2995435193092,22.0626,247
3.17,-1.298663953302868,-1.308524512182758,52.97,-0.18286136980036052,80.6429909237635,83.9818168308325,91.84597009696208,1.0394047266829898,4448.516837529198,167.9149,93
9.52,-0.7503055007532476,-0.41296787956521636,38.46,1.4577231064288085,96.89157509333708,83.9818168308325,89.00913420936939,0.3281530149968559,3229.940675313818,366.1392,276
9.96,0.5723428374459428,0.45082629370284494,64.87,0.9388962403668041,85.30429001139386,97.72096194871693,89.00913420936939,1.1955256313356684,6339.158801613268,646.1052000000001,96
3.07,-0.4003636755572708,-1.7001853418590838,6.04,-0.4597453352547874,85.78018855797596,86.2603124030711,88.60967647662733,-1.2992009430006075,521.0122869145495,18.5428,28
3.14,1.283464929621599,-0.6666486250411018,39.29,-0.315523105199962,94.78201267038587,86.64323068985583,88.60967647662733,0.21746671513264276,3404.212533804435,123.3706,84
2.71,-1.1831792756634427,1.5534482638301281,31.6,-0.808508832541048,85.30429001139386,91.02823199612803,89.00913420936939,-0.351998072942382,2876.492131077646,85.636,42
7.55,-1.1048977156528255,-0.49484951937502775,14.6,0.6395415242482377,92.07214185964433,86.64323068985583,89.00913420936939,-0.9420535995341226,1264.9911680718951,110.22999999999999,51
4.99,-1.1769787560586413,-1.483560798957592,47.3,-0.0507574830235813,93.5065380044594,83.9818168308325,91.84597009696208,0.761472458918663,3972.339936098377,236.027,16
5.37,-0.44144211793907984,0.26584995669993616,65.07,-0.7958789058215607,85.30429001139386,83.9818168308325,89.00913420936939,1.6325229700601238,5464.6968211822705,349.42589999999996,16
7.27,1.2912155791276008,-0.9633648370216787,14.48,-0.4130640011399254,93.5065380044594,97.72096194871693,89.00913420936939,-1.2118130728267162,1414.9995290174213,105.2696,33
1.45,1.2284353181289869,0.7740493062916213,66.28,-1.0269812990404852,85.78018855797596,97.72096194871693,91.84597009696208,1.262887162847257,6476.945357960958,96.106,6
1.61,-0.30541821910874994,0.2794842018403606,9.51,-0.7399167014740111,96.89157509333708,86.64323068985583,88.60967647662733,-1.1810960621365463,823.9771238605289,15.3111,15
6.92,1.5206348045052511,-0.15681164265322042,67.36,-0.5010680012276871,99.07272504545242,86.64323068985583,89.00913420936939,1.5357224961247897,5836.288019268688,466.1312,154
5.12,-1.3381922657834768,-1.689597855409257,33.54,0.9700681197137246,77.63211182942362,83.9818168308325,83.7552360461252,0.08698427471458295,2816.750136506122,171.7248,152
2.19,0.4173298473259088,-1.3926912210105176,63.43,-0.975808874189016,85.30429001139386,86.2603124030711,83.7552360461252,1.3959611903525504,5471.4916157268,138.9117,15
1.07,0.10226594490693959,1.5754230108860636,8.35,-0.9735871631077839,80.6429909237635,86.2603124030711,88.60967647662733,-1.1907182016162932,720.2736085656436,8.9345,10
3.54,-0.46159380665468425,-0.024468062030385748,15.46,-0.30984343435361356,87.94275005572842,83.9818168308325,83.7552360461252,-0.799261827786127,1298.3588882046706,54.7284,35
8.46,-1.5187823992733165,-1.7183897250354045,24.68,-0.5572654142021173,85.78018855797596,86.64323068985583,89.00913420936939,-0.4686649899010325,2138.354933425642,208.79280000000003,249
6.05,-1.088621351690222,-1.3604717478574477,68.1,0.6231347869281494,93.5065380044594,86.2603124030711,89.00913420936939,1.6152747844065534,5874.327274649141,412.00499999999994,42
2.33,-0.9894130380134002,-1.527281786167668,22.89,-0.4273164370111075,94.78201267038587,86.2603124030711,88.60967647662733,-0.5078874398293108,1974.4985509062974,53.3337,57
7.0,0.4467823154487153,1.0587689059279701,63.77,0.10622822996189754,94.78201267038587,83.9818168308325,96.7004105274642,1.5687995224245648,5355.520459302189,446.39000000000004,138
8.93,-1.6412426614681435,-0.840732799725124,53.3,0.2477718042522434,85.30429001139386,83.9818168308325,96.7004105274642,1.0555806787750934,4476.230837083372,475.96899999999994,251
8.09,-1.1122608326835273,0.17349508389119542,62.92,1.881966446117826,85.30429001139386,97.72096194871693,96.7004105274642,1.1023660664792156,6148.602925813269,509.0228,72
8.38,-0.3538597785212606,-0.623270398183718,2.68,-0.3453784150172636,93.5065380044594,97.72096194871693,83.7552360461252,-1.7755478755478145,261.8921780225614,22.458400000000005,99
4.6,1.6058919490712698,-0.08304199785712524,67.69,-0.9811068222041504,80.6429909237635,97.72096194871693,88.60967647662733,1.3302486943588459,6614.731914308649,311.37399999999997,134
6.37,0.3960155611844041,-0.17025546537548247,31.98,1.5177989824195541,80.6429909237635,86.64323068985583,91.84597009696208,-0.12583395316278267,2770.8505174615893,203.7126,38
7.38,-1.7881174696068756,0.8592442961774576,66.72,0.5986120421474402,85.30429001139386,97.72096194871693,91.84597009696208,1.2839077826097387,6519.942581218394,492.3936,165
1.63,0.2975823124581825,1.374603528692047,23.29,-0.761284011189293,85.30429001139386,97.72096194871693,89.00913420936939,-0.7909229362188456,2275.9212037856173,37.9627,36
4.62,0.0786264639136344,1.0314242466798562,10.04,-0.38510551697949524,80.6429909237635,91.02823199612803,83.7552360461252,-1.3897971137808027,913.9234492411254,46.3848,131
3.71,1.6802981843288862,-1.7340424478083498,22.58,-0.9177410661213954,96.89157509333708,86.2603124030711,88.60967647662733,-0.5224457297986346,1947.7578540613451,83.7718,89
4.98,-0.44182965041437994,0.8155994779346465,34.6,0.7028034292666182,94.78201267038587,91.02823199612803,89.00913420936939,-0.2075918984286871,3149.57682706603,172.30800000000002,121
6.97,0.32935997543278944,-1.2699068457794331,59.11,1.1125680126117312,92.07214185964433,97.72096194871693,88.60967647662733,0.9203466089904542,5776.286060788658,411.9967,147
1.42,1.2179719412958847,1.3152679031926582,61.33,-1.3097464625418573,85.30429001139386,83.9818168308325,91.84597009696208,1.4491955130162826,5150.604826234957,87.0886,20
4.6,-0.8619148536396722,1.5388238221152595,49.82,0.5232667851105415,85.30429001139386,91.02823199612803,89.00913420936939,0.5250287602707916,4535.026518047099,229.172,120
8.24,1.4900197389565444,0.5828651984566199,4.57,-0.16987423284323247,77.63211182942362,83.9818168308325,96.7004105274642,-1.3330682468255481,383.79690291690457,37.656800000000004,213
6.36,1.0114171319609393,1.3221611947301355,58.87,1.2662678217846923,93.5065380044594,86.2603124030711,88.60967647662733,1.1818134411263714,5078.144591168795,374.4132,92
5.05,-0.2290743214746332,1.4470021320773734,20.69,0.47052026815766,93.5065380044594,83.9818168308325,89.00913420936939,-0.5428974961446053,1737.5837902299245,104.4845,81
3.11,0.3336228326610904,-0.14016872330583086,64.4,-1.1683716696209994,93.5065380044594,86.64323068985583,83.7552360461252,1.3967115552007874,5579.824056426715,200.28400000000002,21
4.73,0.3022327021617835,0.9725456349840571,34.08,-1.07385475762444,96.89157509333708,83.9818168308325,91.84597009696208,0.11345401450166163,2862.1003175947712,161.1984,120
4.42,-1.7613777288111698,0.019824192434177334,22.2,-0.48618235454237335,99.07272504545242,86.64323068985583,88.60967647662733,-0.5851336160806023,1923.4797213147992,98.124,119
9.08,1.301291423485403,-0.6407511761710218,20.38,0.8619706227408235,87.94275005572842,86.2603124030711,88.60967647662733,-0.6257626263551243,1757.9851667745888,185.0504,122
9.28,1.592715844911067,-1.6014703602837204,65.39,1.3260490788549735,77.63211182942362,83.9818168308325,89.00913420936939,1.6482087417858005,5491.571002568137,606.8191999999999,193
2.64,-0.14691743671101515,0.15631898177295128,24.24,-0.7915644554539077,77.63211182942362,83.9818168308325,89.00913420936939,-0.3688834660628841,2035.7192399793796,63.9936,31
8.51,1.187356875747178,-1.639326337014396,54.18,-0.8343982947527316,80.6429909237635,91.02823199612803,83.7552360461252,0.7348990672306949,4931.909609550216,461.0718,244
9.55,-0.5328997821099,-1.6343372696585423,45.11,-0.01404327820193532,92.07214185964433,86.64323068985583,91.84597009696208,0.49079228140889125,3908.4761364193964,430.8005,150
7.9,-0.7332540718400439,1.2884183422317665,44.11,1.438546633153999,85.30429001139386,91.02823199612803,83.7552360461252,0.25017567477972563,4015.2553133492074,348.469,48
1.23,0.18209763481875713,1.1381750543016709,49.09,-0.8651694586863949,80.6429909237635,86.64323068985583,88.60967647662733,0.6777056411648139,4253.316194565023,60.380700000000004,16
1.92,0.11621711401774265,1.6796221581045025,43.63,-1.2320078127091976,92.07214185964433,86.2603124030711,96.7004105274642,0.4661091213441427,3763.5374301459924,83.7696,56
6.95,-1.3610566818261818,0.7895877756136692,46.98,-1.0570652215386869,94.78201267038587,86.2603124030711,89.00913420936939,0.6234325774642518,4052.5094766962798,326.51099999999997,99
7.37,0.9664633648261294,-0.856842536301659,53.1,1.9192248398727458,77.63211182942362,97.72096194871693,89.00913420936939,0.6332240526892848,5188.9830794768695,391.34700000000004,75
4.92,-0.09460055254550365,-0.12718191438715845,61.47,0.5316085984665389,87.94275005572842,91.02823199612803,89.00913420936939,1.0858060712989734,5595.50542080199,302.4324,26
6.49,0.6076082926982506,-0.0568398731179856,3.04,1.2105601928841363,85.30429001139386,91.02823199612803,88.60967647662733,-1.7267448543127577,276.7258252682292,19.7296,51
8.92,-0.044608863231792674,1.0383175382173335,1.72,2.5595907584410558,80.6429909237635,97.72096194871693,83.7552360461252,-1.8214110459386834,168.08005455179313,15.3424,47
7.22,1.3175677874480065,0.5011358965813384,57.3,-0.7991775337284523,93.5065380044594,86.2603124030711,96.7004105274642,1.1080827467656038,4942.715900695974,413.70599999999996,64
5.26,1.5721766237201624,-0.020126430896284124,31.21,0.47834109534071234,80.6429909237635,86.2603124030711,83.7552360461252,-0.11716172194294959,2692.184350099849,164.1646,62
3.07,-0.5759158868682094,-0.16092476688552723,9.49,-0.5818477563954448,80.6429909237635,97.72096194871693,83.7552360461252,-1.4502060105875874,927.3719288933237,29.1343,72
7.52,1.5322607787642537,1.2429835532582294,21.09,-0.7492304110973252,85.30429001139386,91.02823199612803,83.7552360461252,-0.8579010376553599,1919.78541279834,158.5968,61
7.37,-0.9952260251429015,-0.36677140091902977,4.23,-0.9052912882527668,96.89157509333708,97.72096194871693,91.84597009696208,-1.7014979650208903,413.35966904307264,31.175100000000004,80
6.17,1.1815438886176766,0.6535880845621174,32.27,-0.6522747767187982,93.5065380044594,86.64323068985583,91.84597009696208,-0.11221463800468769,2795.977054361648,199.10590000000002,27
4.61,-1.3285039539009746,1.1443066561664985,45.69,-1.0999458405962381,93.5065380044594,86.64323068985583,91.84597009696208,0.5180309117250809,3958.7292102195124,210.6309,32
2.07,0.8436155701560024,1.290551073315185,43.33,-0.7848169898348516,80.6429909237635,86.64323068985583,96.7004105274642,0.40719786423161936,3754.251185791453,89.69309999999999,49
9.91,0.14024412748634793,1.1024137241707812,45.09,1.5878296846269706,93.5065380044594,97.72096194871693,88.60967647662733,0.25055322474047165,4406.238174267647,446.84190000000007,227
6.94,-0.801459787492859,-0.5387228445196337,13.34,-0.8751151628501138,85.30429001139386,83.9818168308325,83.7552360461252,-0.9031800654687324,1120.3174365233056,92.5796,21
1.29,0.030572436976423843,-0.32480229995604737,50.91,-1.111567523175877,99.07272504545242,91.02823199612803,83.7552360461252,0.5774963370107673,4634.247290922877,65.6739,27
2.03,-0.3712987399097644,1.4967785521850123,11.58,-1.0969343000686556,99.07272504545242,83.9818168308325,89.00913420936939,-0.9894518099599519,972.5094389010403,23.507399999999997,13
9.29,0.9897153133441345,-1.1153219267152357,34.28,0.2046924179998603,80.6429909237635,86.2603124030711,88.60967647662733,0.027012310979061132,2957.0035091772775,318.46119999999996,128
1.72,-1.5455221400690224,0.4205110447313985,53.15,-0.9005604044729238,87.94275005572842,91.02823199612803,89.00913420936939,0.685319613980993,4838.150530594205,91.41799999999999,6
10.0,-0.08762496799010212,1.1404220388359867,3.86,2.231020866723611,99.07272504545242,86.2603124030711,91.84597009696208,-1.4015785950429474,332.96480587585444,38.6,156
4.92,1.3233807745775077,-1.2806085856801572,34.37,-0.34273779119662934,80.6429909237635,83.9818168308325,88.60967647662733,0.12766924512805572,2886.455044475713,169.10039999999998,57
7.24,0.03134750192702401,1.5714241401046543,68.11,1.4003667249319116,96.89157509333708,97.72096194871693,89.00913420936939,1.350313831404851,6655.77471832711,493.1164,129
2.04,0.7676592049971858,0.8326994110856257,59.57,-1.3228229956179132,94.78201267038587,97.72096194871693,83.7552360461252,0.9423227114694123,5821.237703285068,121.5228,54
4.26,1.3663968793358172,1.385838451363626,32.38,-1.1278217584825145,85.78018855797596,83.9818168308325,88.60967647662733,0.03012335220900659,2719.3312289823566,137.93880000000001,43
2.09,-0.27945354326364424,-0.9455032141980501,23.06,-1.3094468849669683,80.6429909237635,91.02823199612803,89.00913420936939,-0.7630743163913669,2099.111029830712,48.19539999999999,29
6.83,-0.8212239437331632,0.7517317988829937,67.22,-0.2607332016061166,92.07214185964433,91.02823199612803,91.84597009696208,1.362584572450222,6118.917754779726,459.1126,150
5.11,-0.8805164124540763,0.17871265814884388,14.53,0.10947072215831642,93.5065380044594,91.02823199612803,96.7004105274642,-1.173669205925306,1322.6402109037401,74.2483,118
4.06,1.42491428310613,-0.40241847759902205,59.26,-0.7461926271250969,92.07214185964433,97.72096194871693,89.00913420936939,0.9275127293640274,5790.944205080966,240.59559999999996,44
5.85,0.3925277689067033,-0.07660572012323774,40.19,0.19194231408020276,93.5065380044594,83.9818168308325,89.00913420936939,0.41295421838879315,3375.229218431158,235.11149999999998,89
4.45,0.809512712329595,-1.51821767906314,23.59,-0.32589548754303194,85.30429001139386,83.9818168308325,88.60967647662733,-0.40074518988066393,1981.1310590393387,104.9755,123
2.14,0.30920828671718503,-1.235097627739355,63.07,-0.9234614353578364,96.89157509333708,91.02823199612803,91.84597009696208,1.1628226977062774,5741.1505919957945,134.96980000000002,36
1.67,-0.11591483868700833,-0.04606196424999647,45.25,-1.0610657329455215,96.89157509333708,91.02823199612803,96.7004105274642,0.30505002109492974,4119.0274978247935,75.5675,8
6.64,1.2993537611089025,0.9645859779048708,3.55,-0.9174160871375173,87.94275005572842,91.02823199612803,83.7552360461252,-1.7021958046454295,323.15022358625447,23.572,133
9.81,-1.1607023920960378,0.4786660512381808,12.81,0.2755042018387448,85.30429001139386,86.64323068985583,89.00913420936939,-1.02611764826857,1109.8997851370532,125.66610000000001,37
4.37,-0.8743158928492749,-0.5170908578163905,38.71,-0.17273135338725618,85.78018855797596,97.72096194871693,83.7552360461252,-0.054245761815512085,3782.7784370348327,169.1627,106
6.58,-0.2697652313811421,0.7481899419051738,65.81,-0.715387594646115,92.07214185964433,86.2603124030711,89.00913420936939,1.5077312875363893,5676.791159246109,433.0298,101
9.11,1.6717724698722842,-0.9474836073469386,6.24,2.632584303447219,80.6429909237635,86.64323068985583,89.00913420936939,-1.334665581332995,540.6537595047004,56.846399999999996,270
8.61,-0.5340623795358002,0.18423490827555208,61.59,-0.6302177462408421,77.63211182942362,97.72096194871693,89.00913420936939,1.0388264658335327,6018.634046421476,530.2899,114
9.8,0.714179723405774,-0.36593354227911545,1.57,2.608906447888883,80.6429909237635,97.72096194871693,91.84597009696208,-1.8285771663122568,153.4219102594856,15.386000000000001,235
7.98,-0.33758341455865704,1.294283352711167,57.94,-0.310069193469231,99.07272504545242,91.02823199612803,83.7552360461252,0.9158881392878591,5274.175761855658,462.3612,64
3.78,1.0001786901772367,-1.5695174785160777,42.15,-0.07691789359781318,96.89157509333708,86.64323068985583,91.84597009696208,0.35178134048488857,3652.012173577423,159.327,20
2.19,1.6260436377868743,0.09020431818698264,38.69,-0.4749311676518537,77.63211182942362,83.9818168308325,96.7004105274642,0.33942716342468554,3249.2564931849092,84.7311,55
8.24,1.1749558365375752,-1.3602051564720203,10.99,2.318171791131223,93.5065380044594,97.72096194871693,83.7552360461252,-1.3785448068518544,1073.953371816399,90.55760000000001,216
1.81,0.7064290738997723,-1.6665948272952449,19.78,-1.2402774916772377,77.63211182942362,86.2603124030711,83.7552360461252,-0.6539399617796213,1706.2289793327463,35.8018,23
8.4,0.5599417982363402,-1.1952231733761585,48.91,0.6413839918254681,80.6429909237635,86.2603124030711,89.00913420936939,0.7140696730797178,4218.991879634207,410.844,165
6.83,1.1489911606924694,-0.2276106977259829,47.1,-0.7644928219594282,94.78201267038587,86.2603124030711,96.7004105274642,0.6290680445491514,4062.8607141846487,321.69300000000004,28
3.11,1.6144176635278717,-1.0588807219719145,28.59,-0.7874737058924882,93.5065380044594,86.64323068985583,91.84597009696208,-0.28503905104533983,2477.129965422978,88.9149,89
7.68,-0.8177361514554625,0.3349352100092375,47.5,1.6357153636302646,87.94275005572842,91.02823199612803,88.60967647662733,0.4133546519802009,4323.841019816081,364.8,150
2.96,1.0245932361211423,-0.5574604104668092,61.74,-1.1575181574594198,80.6429909237635,86.64323068985583,83.7552360461252,1.271789560992055,5349.353062791699,182.7504,63
3.48,-1.0231283633645076,0.5337742990543655,7.51,-0.9454402032994419,94.78201267038587,86.64323068985583,89.00913420936939,-1.2750223735716832,650.6906624808172,26.1348,70
9.9,-0.49569666448109173,-1.3936052486176969,59.92,1.35353064337518,85.78018855797596,97.72096194871693,96.7004105274642,0.95904365900775,5855.4400399671185,593.2080000000001,186
8.1,-1.780754352576174,-0.35199462126963127,61.95,-0.5472981913493837,85.30429001139386,97.72096194871693,96.7004105274642,1.0560251547301085,6053.813592723014,501.795,52
2.19,0.47584725109622167,-0.5483582188786487,42.81,-1.3026011818545848,96.89157509333708,86.64323068985583,91.84597009696208,0.3827770232584839,3709.196705832728,93.7539,22
7.71,1.224947525851286,0.5016309948685604,56.24,0.6075282641608492,77.63211182942362,86.2603124030711,91.84597009696208,1.058302787515659,4851.279969548718,433.6104,45
3.71,-1.6009392840369345,-1.4324514219228168,71.9,0.0795005680333393,99.07272504545242,86.64323068985583,88.60967647662733,1.7489352230825508,6229.6482866006345,266.749,53
3.9,-0.856876931460771,-1.408191605848933,9.96,-0.21215434013800216,93.5065380044594,86.64323068985583,91.84597009696208,-1.1599626420636404,862.966577670964,38.844,73
3.65,1.4109631139953271,1.286095188730186,31.54,-0.028336085004898846,77.63211182942362,86.2603124030711,88.60967647662733,-0.1016641874594762,2720.6502531928622,115.121,22
5.06,-0.3480467913917593,0.32960338230069164,25.06,-0.2156314796041968,87.94275005572842,83.9818168308325,89.00913420936939,-0.32868867601583857,2104.5843297806623,126.80359999999999,72
4.37,-0.8297496581897651,0.6313848306043871,5.77,0.31485089080300654,77.63211182942362,97.72096194871693,83.7552360461252,-1.627925795852205,563.8499504440966,25.2149,24
1.54,0.2940945201804817,1.608480342679048,9.68,-1.1181292263730274,94.78201267038587,83.9818168308325,88.60967647662733,-1.0825860795811548,812.9439869224585,14.9072,32
3.81,-1.1409382358557334,1.1487625407514976,37.03,-0.9927395448068492,85.78018855797596,97.72096194871693,88.60967647662733,-0.13450630999953284,3618.6072209609883,141.0843,61
2.03,-0.029882629170389436,1.1297202989352624,17.06,-0.9567848093681396,94.78201267038587,86.2603124030711,83.7552360461252,-0.7816772157040088,1471.600929596393,34.63179999999999,36
1.24,-0.10080107215030501,-1.591568394539278,13.81,-0.995811758681501,99.07272504545242,86.2603124030711,88.60967647662733,-0.9343044492533685,1191.2549142864118,17.1244,14
6.1,0.745957386380381,-1.3887304347127407,11.07,0.4911018182656005,85.78018855797596,83.9818168308325,96.7004105274642,-1.0144510086477485,929.6787123173158,67.527,23
5.08,-0.7995221251163585,0.11115078418484137,23.13,-0.4874606582293535,85.30429001139386,91.02823199612803,89.00913420936939,-0.7597048389860475,2105.483006070441,117.5004,144
7.79,-1.4827418790704086,1.6282461896843001,6.79,0.39828871864140397,85.78018855797596,83.9818168308325,96.7004105274642,-1.224248205478669,570.2365362813526,52.8941,112
7.79,-1.0762203124806193,-0.013042716940644627,31.52,-0.12526687933154176,77.63211182942362,97.72096194871693,96.7004105274642,-0.3977417983887915,3080.1647206235575,245.5408,166
4.56,-1.4509642160958016,-1.697709850422973,15.51,0.607620373505783,80.6429909237635,86.64323068985583,96.7004105274642,-0.8993171278311355,1343.8365079996638,70.7256,108
1.07,0.9354607668021226,-0.8590514363523423,10.17,-1.1295379207111815,80.6429909237635,97.72096194871693,91.84597009696208,-1.4177195982273885,993.8221830184513,10.8819,9
8.76,-1.5300208410570189,0.4414575107292572,2.33,2.385955848646006,94.78201267038587,86.64323068985583,89.00913420936939,-1.518291520188688,201.8787275073641,20.410800000000002,230
3.61,0.773084659651387,-1.6319760316733292,69.6,-0.9898173068386769,99.07272504545242,91.02823199612803,89.00913420936939,1.4771468042310865,6335.56494693051,251.25599999999997,103
8.6,-0.25387639989383864,0.43871542790771934,42.81,0.8801430620540708,94.78201267038587,86.64323068985583,89.00913420936939,0.3827770232584839,3709.196705832728,368.166,117
8.01,-1.3137777198395715,0.8121718744077242,45.96,0.7452512887761837,94.78201267038587,83.9818168308325,83.7552360461252,0.6957882898173938,3859.8043015450617,368.1396,65
1.93,-0.17365717750672102,-0.7513485166397159,13.32,-1.205425495491005,94.78201267038587,83.9818168308325,96.7004105274642,-0.9041604262015872,1118.637800186689,25.7076,45
7.84,1.051332976916848,1.6640075198151898,66.61,0.810303829399125,93.5065380044594,91.02823199612803,88.60967647662733,1.3332219836324375,6063.390533262088,522.2224,157
1.61,1.0090919371091387,1.4156586020478503,22.5,-1.1571548658531443,94.78201267038587,83.9818168308325,89.00913420936939,-0.4541748498212488,1889.5908786937312,36.225,7
1.34,0.5425028368478363,-0.3030560598019068,6.45,-0.8697647279456875,80.6429909237635,91.02823199612803,89.00913420936939,-1.562603169282191,587.1320963750258,8.643,34
6.22,-1.5381590230383206,0.5089051312423624,65.54,0.36943931397601404,87.94275005572842,91.02823199612803,89.00913420936939,1.2817171147225532,5965.990325026231,407.65880000000004,50
5.05,0.38167685959830094,-1.3151131278511754,36.82,-0.8157135703016626,87.94275005572842,83.9818168308325,91.84597009696208,0.24776343490276492,3092.210495711253,185.941,48
6.49,0.5118877712991295,0.125127789677958,66.17,-0.05758578406571794,93.5065380044594,86.2603124030711,88.60967647662733,1.5246376887910877,5707.844871711215,429.4433,155
3.97,0.6556623196354612,-0.3176805015167754,18.89,0.18853216322850566,85.78018855797596,97.72096194871693,91.84597009696208,-1.0011291338436616,1845.948971211263,74.9933,115
6.24,-0.9006681011696807,0.010150733591529851,23.03,0.5975663742006108,96.89157509333708,97.72096194871693,91.84597009696208,-0.8033442115330391,2250.513753678951,143.7072,130
4.39,0.28673140314978013,-1.0981458245969915,48.58,0.31814867667424107,92.07214185964433,97.72096194871693,88.60967647662733,0.4172849587656097,4747.284331468669,213.26619999999997,100
5.58,-1.6830961688005526,0.07394224367591778,22.93,1.074583877679917,87.94275005572842,86.64323068985583,89.00913420936939,-0.5508505124067773,1986.729279718394,127.9494,68
2.39,0.07940152886423457,-1.231213010408843,37.05,-0.7632245291408157,85.30429001139386,83.9818168308325,96.7004105274642,0.25903758333059457,3111.526313582344,88.5495,54
6.38,-0.8192862813566628,-0.9261562965127551,13.84,0.7384865614261575,94.78201267038587,86.2603124030711,96.7004105274642,-0.9328955824821438,1193.842723658504,88.2992,126
4.28,-0.2906919850473467,0.4812938806088213,44.35,0.13612082324690483,93.5065380044594,86.64323068985583,89.00913420936939,0.45510028306353933,3842.627281095106,189.818,103
9.14,-0.5670026399363074,0.10010628393142496,49.16,1.20198752141882,85.30429001139386,97.72096194871693,89.00913420936939,0.44499395754342636,4803.962489398924,449.3224,136
4.77,-0.7696821245182519,-0.7392376508445904,57.89,-0.918534637948444,77.63211182942362,86.2603124030711,88.60967647662733,1.1357904599330262,4993.609485013786,276.1353,46
7.4,1.4768436347963414,-1.113722378402672,21.24,1.3052472428631865,94.78201267038587,86.2603124030711,91.84597009696208,-0.5853751122466783,1832.1690354412299,157.176,76
9.52,-0.38912523377356834,0.5158745917471044,63.81,2.747814830658076,96.89157509333708,91.02823199612803,91.84597009696208,1.1984428874196555,5808.51148367293,607.4712,135
9.95,0.5816436168531449,-0.6152345721372667,3.0,2.747814830658076,94.78201267038587,83.9818168308325,89.00913420936939,-1.4100265643546472,251.9454504924975,29.849999999999998,255
3.58,1.200920512382681,-1.0432660836826015,54.88,-0.5443954605406007,96.89157509333708,83.9818168308325,91.84597009696208,1.1330291766706202,4608.922107676088,196.4704,70
8.51,1.6857236389830874,1.303347459815695,38.47,-0.6224982440151932,85.78018855797596,97.72096194871693,96.7004105274642,-0.06571155441322943,3759.3254061671405,327.37969999999996,91
6.75,1.1036498610823595,-1.4225494561783745,8.87,1.4689174091327157,85.78018855797596,83.9818168308325,89.00913420936939,-1.122290689261773,744.9187152894842,59.872499999999995,129
7.47,0.05072412569202827,0.4066102082055468,1.11,0.039048613709629344,87.94275005572842,86.2603124030711,96.7004105274642,-1.5307247157385595,95.74894676740892,8.2917,137
1.61,1.5411740256961557,0.9798578558414914,37.02,-0.6745634605619715,92.07214185964433,86.2603124030711,83.7552360461252,0.15568880941759847,3193.3567651616922,59.60220000000001,28
9.83,-0.18838341156812424,-1.6550171442709738,26.35,-0.6799991749665574,93.5065380044594,86.64323068985583,89.00913420936939,-0.3902365198526931,2283.049128677701,259.0205,93
2.2,0.4382566009921134,0.9895313146841389,25.04,-0.7208822047669387,92.07214185964433,86.2603124030711,83.7552360461252,-0.4069186545581959,2159.9582225729,55.088,55
1.57,1.1071376533600603,-1.5514654332742868,21.83,-1.3171346237364416,93.5065380044594,83.9818168308325,96.7004105274642,-0.4870169343718836,1833.3230614170734,34.2731,13
9.9,1.6492955863048795,0.6270431994702855,18.99,2.1842615975307096,80.6429909237635,86.2603124030711,89.00913420936939,-0.6910401200885428,1638.08333253432,188.001,80
2.12,0.5378524471442353,0.44511362115797437,64.15,-0.6566809154135567,85.78018855797596,97.72096194871693,83.7552360461252,1.1611282535425167,6268.799709010192,135.99800000000002,57
4.31,1.4981579209378462,-0.4046654621333378,57.88,0.10020655229949439,96.89157509333708,91.02823199612803,89.00913420936939,0.9130000157975854,5268.714067935891,249.4628,22
3.89,-1.2905257713215663,-0.09915173443366022,47.93,-0.7352995860673929,96.89157509333708,86.2603124030711,83.7552360461252,0.6680466918863726,4134.456773479198,186.4477,74
1.38,0.43980673089331374,1.333129526016287,71.87,-1.1951297383927302,93.5065380044594,97.72096194871693,89.00913420936939,1.5299445821024216,7023.205535254287,99.1806,40
5.62,-0.7828582286784548,-1.580638147736759,11.14,0.28042122227856353,92.07214185964433,91.02823199612803,83.7552360461252,-1.3368481831257812,1014.0545044368663,62.60680000000001,135
4.26,-1.5931886345309327,1.2844194714503572,11.89,-0.41331623759898256,92.07214185964433,83.9818168308325,83.7552360461252,-0.974256218600703,998.5438021185985,50.6514,55
5.77,0.7285184249918771,-0.16671360839766272,47.12,-0.5438422431138927,92.07214185964433,86.2603124030711,96.7004105274642,0.6300072890633012,4064.58592043271,271.88239999999996,34
9.22,-1.0510307015861138,-0.42934420752717867,56.02,1.745480418662515,93.5065380044594,86.2603124030711,89.00913420936939,1.04797109786001,4832.302700820043,516.5044,81
2.22,-1.3285039539009746,0.5204447297830008,13.26,-0.6482489106827333,93.5065380044594,83.9818168308325,91.84597009696208,-0.9071015084001514,1113.5988911768388,29.4372,66
5.95,0.044911138562526993,-0.23876945143029674,61.45,0.6420543457680292,94.78201267038587,97.72096194871693,91.84597009696208,1.0321380868181975,6004.953111748656,365.62750000000005,166
2.09,-0.5228239377520977,-1.0428471543626445,17.81,-0.8863486669918346,94.78201267038587,86.2603124030711,96.7004105274642,-0.7464555464233873,1536.296163898696,37.222899999999996,26
6.51,-1.2513849913162578,-1.4078869299798733,22.96,1.6237017602320087,93.5065380044594,86.2603124030711,96.7004105274642,-0.5046000840297862,1980.5367727745124,149.4696,145
2.13,0.2142628302686642,1.4703479205440777,6.27,-0.9025129916021983,77.63211182942362,86.2603124030711,91.84597009696208,-1.2883996310878836,540.8521587672558,13.355099999999998,36
7.91,-0.979337193655598,0.4234816344547312,36.7,1.8420068487547203,87.94275005572842,86.2603124030711,96.7004105274642,0.14066089719119995,3165.7534651927094,290.297,201
3.9,-0.3670358826814635,-0.008815339257440413,68.27,-0.38389574563905043,80.6429909237635,83.9818168308325,96.7004105274642,1.7893806873168867,5733.438635040934,266.253,41
2.13,0.12396776352374436,1.331034879416501,38.88,-0.869961530390653,85.30429001139386,86.2603124030711,83.7552360461252,0.2430385492335398,3353.8009462314044,82.8144,16
7.49,0.34486127444479286,1.0773922184242481,3.92,1.6530832846529213,96.89157509333708,83.9818168308325,88.60967647662733,-1.364929970643328,329.2087219768634,29.3608,38
7.9,0.846328297483103,1.3493916005273519,46.37,0.607331742394436,99.07272504545242,97.72096194871693,96.7004105274642,0.31170411859496333,4531.321005562004,366.323,157
8.24,0.7796727117314883,-0.25133733102901196,33.2,1.3557348588266476,80.6429909237635,91.02823199612803,96.7004105274642,-0.274981446535078,3022.1373022714506,273.56800000000004,59
6.46,0.18597295957175797,-0.14211103197108685,53.13,1.2238965407401632,93.5065380044594,83.9818168308325,83.7552360461252,1.047247612545828,4461.953928222131,343.2198,189
1.96,-0.2639522442516408,0.5924624883320024,9.7,-0.9577309767681565,94.78201267038587,86.2603124030711,88.60967647662733,-1.1273191969111744,836.7250303097895,19.011999999999997,13
3.23,-0.7847958910549553,-0.10158914138613832,67.3,-0.28609269593117964,77.63211182942362,86.2603124030711,89.00913420936939,1.5777050038405571,5805.319024726685,217.379,26
8.91,1.3590337623051156,-1.6203983486490583,7.39,0.4729237186015474,87.94275005572842,91.02823199612803,89.00913420936939,-1.5173559012678999,672.698634451386,65.8449,136
1.45,1.3435324632931123,1.246601579203314,63.65,-0.9505901869377218,99.07272504545242,97.72096194871693,91.84597009696208,1.1372411856306055,6219.9392280358325,92.29249999999999,22
8.94,0.5235137455581321,0.2768944569533526,26.98,0.5070146548930468,92.07214185964433,91.02823199612803,96.7004105274642,-0.5743835816934723,2455.9416992555343,241.2012,164
4.48,1.06063375632405,1.0086878099512715,20.86,0.6544334394212209,87.94275005572842,97.72096194871693,91.84597009696208,-0.9070140862707327,2038.4592662502353,93.45280000000001,95
8.15,0.3541620538519949,1.0485241798308356,67.67,1.553851347214727,92.07214185964433,91.02823199612803,83.7552360461252,1.3842454986272763,6159.8804591779835,551.5105000000001,68
1.35,0.31579633879728647,0.6287570012337467,37.87,-1.2715666478792875,87.94275005572842,86.64323068985583,91.84597009696208,0.15077903401369547,3281.1791462248398,51.1245,36
4.54,0.10110334748103933,1.2276735908379763,24.88,0.37484359238273507,99.07272504545242,97.72096194871693,96.7004105274642,-0.7149620602589688,2431.2975332840774,112.95519999999999,78
4.32,-1.102960053276325,0.34319954295748356,42.44,0.2299988640785265,80.6429909237635,91.02823199612803,91.84597009696208,0.16978957096710207,3863.238165915673,183.3408,97
3.39,-0.3538597785212606,-1.4797142661107126,42.43,-1.0174780378348083,85.78018855797596,86.2603124030711,89.00913420936939,0.40975445049514814,3660.0250552623065,143.8377,67
1.28,-1.1010223908998247,-0.7837203277273158,2.34,-1.1897306993189865,77.63211182942362,83.9818168308325,96.7004105274642,-1.4423784685388548,196.51745138414805,2.9952,9
9.28,-1.403297721633891,-1.0468079406604214,37.83,1.2074547653807879,77.63211182942362,86.2603124030711,88.60967647662733,0.19372821224066947,3263.2276182081796,351.06239999999997,278
5.14,1.5861277928309656,-0.02724822933555609,39.79,0.2826475645559095,77.63211182942362,97.72096194871693,96.7004105274642,-0.0026496951257845383,3888.3170759394466,204.52059999999997,135
2.73,-0.2337247111782342,-0.34334944348506047,40.62,-1.033178494357633,80.6429909237635,86.2603124030711,89.00913420936939,0.32475282196458144,3503.8938898127476,110.89259999999999,79
3.85,0.41577971742470843,1.0617775801349352,67.29,0.05127632806357978,80.6429909237635,83.9818168308325,89.00913420936939,1.7413430114070036,5651.1364545467195,259.0665,40
8.37,-0.8688904381950737,-0.2861846335527224,3.99,2.3365303203246874,87.94275005572842,91.02823199612803,89.00913420936939,-1.6810162323834208,363.20264566455086,33.3963,42
2.82,1.6210057156079731,-0.3826526305937699,67.24,-0.4614073265228482,80.6429909237635,91.02823199612803,96.7004105274642,1.363547280280313,6120.738319419648,189.61679999999998,18
1.46,1.5729516886707626,-0.6095599840760286,46.29,-1.3190483368862134,99.07272504545242,83.9818168308325,96.7004105274642,0.7119642419094974,3887.5183010992364,67.5834,20
9.68,-0.7960343328386578,0.29513692461330593,47.36,2.6227462862880913,92.07214185964433,83.9818168308325,91.84597009696208,0.7644135411172275,3977.3788451082273,458.4448,153
6.81,-1.2308457701253532,1.5200862561680841,41.76,0.43436241500655687,80.6429909237635,97.72096194871693,83.7552360461252,0.09146535244714452,4080.827370978419,284.38559999999995,153
9.41,-1.5679990236364272,0.24562709589109438,56.95,-0.24166333940144621,96.89157509333708,91.02823199612803,96.7004105274642,0.86823410169834,5184.0578121794915,535.8995,218
3.69,-1.1172987548624282,-0.06361891120456532,21.2,0.28776990135678177,80.6429909237635,86.64323068985583,91.84597009696208,-0.6320967717981708,1836.8364906249435,78.228,65
3.46,-1.083583429511321,-0.08536515135870593,12.54,-0.5901012495669653,96.89157509333708,86.2603124030711,89.00913420936939,-0.9939464759018878,1081.7043175345116,43.3884,34
7.07,-0.5724280945905086,-0.8600416329267865,44.38,0.812440494878991,94.78201267038587,97.72096194871693,88.60967647662733,0.21663358830555804,4336.856291284058,313.76660000000004,98
7.02,-0.6255200437066203,-1.0341638920944412,34.9,1.6763258077765426,94.78201267038587,86.64323068985583,89.00913420936939,0.011298461532517165,3023.8487510759683,244.99799999999996,22
3.72,-1.726112273558862,-0.4304486575525203,47.41,-0.16121450424692474,93.5065380044594,97.72096194871693,83.7552360461252,0.36138921985173805,4632.950805988669,176.3652,17
7.17,0.17589711521395576,-1.1499788068207837,46.35,1.7575721442578456,80.6429909237635,83.9818168308325,89.00913420936939,0.7149053241080617,3892.5572101090866,332.3295,92
5.09,0.5735054348718431,0.33973385494692876,50.84,0.7768897962164086,96.89157509333708,91.02823199612803,96.7004105274642,0.5741268596054481,4627.87531468315,258.7756,119
8.86,-1.2788997970625637,0.8871602226800585,32.72,1.6196594745006305,85.30429001139386,83.9818168308325,88.60967647662733,0.04678948466753746,2747.885046704839,289.89919999999995,45
2.82,1.6086046763983703,-0.9880435824155196,12.68,-0.27321273140129565,85.78018855797596,86.2603124030711,88.60967647662733,-0.9873717643028384,1093.7807612709414,35.7576,42
9.09,1.0296311583000433,-1.4583488707928967,33.19,0.9700572668097,99.07272504545242,91.02823199612803,91.84597009696208,-0.2754628004501239,3021.227019951489,301.6971,139
4.56,-1.7795917551502738,-0.648368072897516,42.06,-1.1189001100170934,93.5065380044594,97.72096194871693,91.84597009696208,0.10579759319429127,4110.143659563035,191.7936,56
1.29,0.7971116731199922,-0.8376479565508939,55.6,-0.9447405652279175,85.78018855797596,86.64323068985583,89.00913420936939,0.9834357848861845,4817.363626355984,71.724,37
5.04,0.5979199808157485,0.13906671068744217,6.7,0.8607855043332282,77.63211182942362,97.72096194871693,89.00913420936939,-1.5834958495360503,654.7304450564035,33.768,134
9.94,0.6967407620172702,0.9038031420274479,10.04,2.747814830658076,94.78201267038587,86.64323068985583,96.7004105274642,-1.1562055896062349,869.8980361261524,99.79759999999999,253
4.82,0.609545955074751,-0.5896417991362466,18.57,-0.49200381483742406,80.6429909237635,91.02823199612803,88.60967647662733,-0.9792022242468637,1690.3942681680976,89.5074,50
6.53,-1.6993725327631561,-0.5347239737382242,15.63,-0.8361516936693454,92.07214185964433,86.64323068985583,89.00913420936939,-0.8936815491450271,1354.2336956824468,102.0639,25
4.62,-0.31084367376295113,0.9583020381055132,16.43,0.47692750459149313,85.78018855797596,83.9818168308325,91.84597009696208,-0.7517143322426708,1379.821250530578,75.9066,20
3.87,0.23712724631136922,-0.5534996241690322,22.43,-1.0049262800921543,80.6429909237635,83.9818168308325,88.60967647662733,-0.4576061123862405,1883.712151515573,86.8041,80
6.01,-0.6867501748040337,1.3887709566033262,49.19,0.2683568160623297,80.6429909237635,97.72096194871693,91.84597009696208,0.44642718161814104,4806.894118257385,295.6319,25
7.27,0.7932363483669913,-0.9912045945570146,22.29,-0.5168929386884848,77.63211182942362,86.2603124030711,83.7552360461252,-0.5360647752538081,1922.7423634644547,162.04829999999998,127
8.25,-1.4327501897566977,1.0712606165594203,30.3,0.413673224673785,85.30429001139386,97.72096194871693,96.7004105274642,-0.4560262440938541,2960.945147046123,249.975,142
6.82,1.0571459640463494,0.1162541049915924,7.56,0.9802942217512546,80.6429909237635,83.9818168308325,83.7552360461252,-1.1865043172637604,634.9025352410937,51.5592,55
8.86,-0.6042057575651156,1.1970155815138377,52.43,1.0804335929492395,99.07272504545242,86.2603124030711,91.84597009696208,0.8793767075701016,4522.628179293018,464.52979999999997,141
2.91,-0.592192250830813,-1.1504739051080057,54.03,-0.3604507597196578,94.78201267038587,97.72096194871693,91.84597009696208,0.6776539990054391,5279.863574089176,157.2273,80
5.97,-0.001592758473483223,0.16412630091760771,34.1,0.4900114288694278,85.30429001139386,91.02823199612803,96.7004105274642,-0.2316595941809696,3104.0627110679657,203.577,67
8.23,1.1823189535682768,-0.1375408939351904,65.92,0.2491399718557384,93.5065380044594,91.02823199612803,91.84597009696208,1.3000085634942877,6000.58105318476,542.5216,116
3.35,0.8525288170879044,-0.26253416921695827,11.82,-0.7980037360224688,85.30429001139386,83.9818168308325,91.84597009696208,-0.9776874811656947,992.6650749404401,39.597,44
3.32,1.3036166183372035,1.4671488239189503,53.51,-0.6209294848062756,93.5065380044594,86.2603124030711,83.7552360461252,0.9300959113341964,4615.789316688334,177.6532,75
2.66,1.643482599175378,1.4677200911734374,68.96,-0.70914913958177,96.89157509333708,86.2603124030711,89.00913420936939,1.6556622985149994,5948.511143315783,183.43359999999998,68
2.24,-0.32944523257735525,-1.3968043452428245,51.21,-1.3061206570024277,85.78018855797596,86.64323068985583,89.00913420936939,0.777267531286059,4436.999843627517,114.7104,37
6.93,-1.6989850002878562,-1.7030797626151515,38.79,0.10571182820530765,99.07272504545242,86.2603124030711,89.00913420936939,0.23881194891986504,3346.0375181151276,268.81469999999996,23
5.52,0.9350732343268225,-0.8412278980123461,8.6,-0.9373433755398989,87.94275005572842,97.72096194871693,91.84597009696208,-1.492724991470789,840.4002727589656,47.471999999999994,38
3.41,0.7211553079611756,-1.3416199284593748,27.49,-0.6778451074164449,87.94275005572842,97.72096194871693,83.7552360461252,-0.5902715657587937,2686.349243970228,93.7409,62
6.88,-1.5974514917592337,-1.269335578524946,29.77,-0.004298446322191072,85.30429001139386,97.72096194871693,91.84597009696208,-0.4813465360804797,2909.153037213303,204.8176,109
8.61,0.30455789701358404,1.088550972128562,70.39,2.5125811239794467,96.89157509333708,86.64323068985583,89.00913420936939,1.6780208579490221,6098.817008258951,606.0579,233
5.28,-1.5032811002613131,-1.3649657169260792,49.59,-0.5492209329925901,85.30429001139386,83.9818168308325,88.60967647662733,0.8737237628305342,4164.658296640984,261.83520000000004,93
9.65,-0.8832291397811769,0.2521395425922468,66.95,0.24849221253664266,96.89157509333708,97.72096194871693,91.84597009696208,1.2948958338492178,6542.418402466599,646.0675,175
4.45,-0.9103564130521828,-1.3445905181827076,36.56,0.6163046614754223,77.63211182942362,86.2603124030711,83.7552360461252,0.13408618559215058,3153.6770214562794,162.692,19
7.92,0.7199927105352752,-0.1068828846110517,3.1,-0.13733385843450552,92.07214185964433,97.72096194871693,88.60967647662733,-1.7554827385018092,302.9349820410225,24.552,236
4.89,0.6145838772536522,-1.3082960052809631,55.82,-0.5831009393519886,94.78201267038587,86.2603124030711,89.00913420936939,1.0385786527185108,4815.050638339429,272.9598,47
7.41,-0.8192862813566628,0.20883748470212796,23.48,-0.7407981724677083,80.6429909237635,83.9818168308325,89.00913420936939,-0.40613717391136517,1971.893059187947,173.98680000000002,23
2.19,-0.6088561472687166,0.41529347047375004,32.87,-0.8047454477312014,94.78201267038587,97.72096194871693,91.84597009696208,-0.333246715026632,3212.0880192543254,71.9853,30
6.37,0.2611542597799745,0.1869389066134575,1.88,-0.011107614443008156,94.78201267038587,86.2603124030711,91.84597009696208,-1.4945638019437881,162.16938731777364,11.9756,153
5.69,0.6184592020066529,-0.8899760370619082,10.86,-0.4318440159595219,87.94275005572842,83.9818168308325,88.60967647662733,-1.0247447963427236,912.0425307828409,61.7934,92
3.7,-1.3102899275618707,0.066591938334851,18.87,-0.8625191046759453,77.63211182942362,97.72096194871693,89.00913420936939,-1.0020846165601383,1843.9945519722887,69.819,73
2.22,-1.7559522741569686,0.23915273367357442,24.59,-0.7360613476585071,85.30429001139386,91.02823199612803,91.84597009696208,-0.6894271673893825,2238.3842247847883,54.589800000000004,54
2.23,0.23712724631136922,1.2750506884767696,68.26,-1.127146679784322,94.78201267038587,91.02823199612803,88.60967647662733,1.4126453796149698,6213.5871160557,152.21980000000002,25
9.71,-0.25968938702333993,-0.10932029156352982,27.7,2.3726792385418736,94.78201267038587,97.72096194871693,89.00913420936939,-0.5802389972357911,2706.870645979459,268.96700000000004,132
9.98,-0.656522641730627,1.6669019405712575,55.5,-0.8397092943205507,99.07272504545242,83.9818168308325,88.60967647662733,1.163420359389118,4660.990834111204,553.89,225
8.48,-1.3595065519249814,0.3062956783176197,48.78,-0.5256421569632377,85.30429001139386,91.02823199612803,83.7552360461252,0.4749679531060441,4440.357156771125,413.6544,94
1.67,1.2439366171409902,1.1703564429711084,29.46,-0.9861984714832976,96.89157509333708,91.02823199612803,89.00913420936939,-0.4550078107621511,2681.691714605932,49.1982,46
7.31,1.6101548062995708,1.2281686891251984,46.31,-0.815505447155085,87.94275005572842,86.64323068985583,83.7552360461252,0.5471480682699735,4012.4480132472236,338.5261,173
1.4,0.7385942693496793,-0.08079501332280949,69.57,-1.1004883454581975,94.78201267038587,83.9818168308325,88.60967647662733,1.8531041349524466,5842.614996921016,97.39799999999998,4
6.22,-0.3953257533783697,0.48917736872074263,27.56,0.08533760598804623,87.94275005572842,86.2603124030711,88.60967647662733,-0.2885738457753077,2377.3342098286394,171.42319999999998,132
5.34,0.07707633401243405,0.34038129116868077,66.36,-0.9761627162840287,96.89157509333708,97.72096194871693,91.84597009696208,1.2667090937131629,6484.763034916856,354.3624,136
5.1,-0.48523328764798945,0.8652235601077555,35.29,-0.15890545535614906,94.78201267038587,97.72096194871693,83.7552360461252,-0.217633306332983,3448.5727471702203,179.97899999999998,75
1.4,-1.0680821304993176,-1.6233308538887583,61.29,-0.9712904172935536,94.78201267038587,86.64323068985583,83.7552360461252,1.250656140919149,5310.3636089812635,85.806,29
5.97,0.3026202346370836,1.0585784835098078,31.27,0.020561907977252644,85.30429001139386,86.2603124030711,96.7004105274642,-0.11434398840049992,2697.359968844033,186.68189999999998,146
1.26,-0.5460758862701028,0.5081053570860804,43.05,-1.1536102231951064,96.89157509333708,91.02823199612803,89.00913420936939,0.19915215978488665,3918.7653874333114,54.242999999999995,27
8.2,1.6101548062995708,-0.8028006540271835,26.97,-0.35601650638990423,92.07214185964433,86.2603124030711,91.84597009696208,-0.3162815589427299,2326.4406255108274,221.15399999999997,49
6.37,0.6936405022148695,1.19412116075777,9.11,-0.17689465835446186,93.5065380044594,86.2603124030711,83.7552360461252,-1.1550269100785968,785.8314459919776,58.030699999999996,97
1.76,-0.9483345956315912,-0.17273095681159306,9.37,-1.1102963767919822,80.6429909237635,86.2603124030711,88.60967647662733,-1.142816731394648,808.2591272167762,16.4912,14
6.37,0.6374482932963571,0.3756475230123484,14.19,0.5822490906815208,87.94275005572842,91.02823199612803,89.00913420936939,-1.1900352390368583,1291.6906120250567,90.3903,138
5.41,-0.9080312182003824,-0.802115133321799,23.34,-0.13983418975871686,96.89157509333708,86.2603124030711,96.7004105274642,-0.486754438260938,2013.3156914876795,126.2694,24
2.76,0.6389984231975575,1.0672236612943784,36.89,-0.7161071608948573,85.78018855797596,91.02823199612803,96.7004105274642,-0.09736185188323337,3358.031478337163,101.81639999999999,59
1.74,-1.602876946413435,-0.6352289260443137,21.74,-1.135996193861786,93.5065380044594,91.02823199612803,96.7004105274642,-0.8266130331773928,1978.9537635958231,37.8276,30
5.95,-1.0800956372336201,1.1227889229141528,9.11,0.7997236513677887,93.5065380044594,86.2603124030711,89.00913420936939,-1.1550269100785968,785.8314459919776,54.204499999999996,150
2.97,0.9005828440251149,-1.2248529016422205,53.26,-0.4641014663874665,85.78018855797596,91.02823199612803,88.60967647662733,0.6906145070464951,4848.163636113779,158.1822,28
4.14,-1.2463470691373566,0.4556630231241687,62.44,-1.0213944392354515,85.78018855797596,91.02823199612803,83.7552360461252,1.1324974010584015,5683.802805838234,258.5016,103
6.69,-0.7448800460990465,1.3396419727174393,10.89,-0.5238143782302476,99.07272504545242,97.72096194871693,88.60967647662733,-1.3833222204342368,1064.1812756215274,72.8541,57
6.37,-0.7297662795623432,-0.12047904526784364,70.51,-0.33630655674656923,94.78201267038587,86.2603124030711,83.7552360461252,1.7284537483616176,6082.214627540544,449.1487,117
9.66,0.8145506345084961,-1.4401444876165757,71.47,2.560842584784597,87.94275005572842,86.64323068985583,96.7004105274642,1.7287410661239961,6192.391697403996,690.4002,62
8.46,0.6948030996407697,0.7072110375166357,11.09,1.2277080619217395,85.30429001139386,83.9818168308325,83.7552360461252,-1.0134706479148938,931.3583486539325,93.82140000000001,168
5.64,-0.03220782402218995,0.10623788579625269,33.28,0.0034527258001163744,92.07214185964433,86.64323068985583,89.00913420936939,-0.06478185072994364,2883.486717358402,187.6992,105
8.65,1.5946535072875674,0.24924512183617908,16.47,0.5501406337851223,92.07214185964433,91.02823199612803,83.7552360461252,-1.0802865464064502,1499.2349809762286,142.4655,75
6.2,1.2826898646709988,-0.020202599863549064,64.48,0.8608720001071147,80.6429909237635,97.72096194871693,88.60967647662733,1.176893718364378,6301.047626453268,399.776,26
9.36,-0.7956468003633577,0.46674560786121755,33.41,2.747814830658076,93.5065380044594,86.64323068985583,91.84597009696208,-0.058676640486659944,2894.7503373480827,312.71759999999995,136
8.87,-0.05894756481789582,-1.2701353526812278,47.48,-0.06942967049931129,96.89157509333708,97.72096194871693,96.7004105274642,0.3647334093594056,4639.79127332508,421.14759999999995,115
6.63,-0.3120062711888514,0.4065721237219143,47.54,0.8551684248040567,96.89157509333708,86.64323068985583,89.00913420936939,0.6049127498025826,4119.019186995746,315.1902,20
5.67,1.0269184309729427,-1.6897121088601543,1.57,-0.33302968142748596,96.89157509333708,86.2603124030711,96.7004105274642,-1.5091220919131116,135.42869047282161,8.9019,35
3.06,-1.2316208350759534,-1.2247767326749557,8.33,-0.8026117293761352,96.89157509333708,91.02823199612803,91.84597009696208,-1.4721086332536089,758.2651725277465,25.4898,33
5.77,-1.7451013648485663,1.3105073427385994,47.15,-0.07929566195415916,96.89157509333708,83.9818168308325,91.84597009696208,0.7541197534222523,3959.7426635737525,272.0555,129
7.18,-0.419352766846975,-1.303345022408742,64.66,-0.6603681427761953,96.89157509333708,91.02823199612803,88.60967647662733,1.2393579701985356,5885.885480869638,464.25879999999995,45
8.12,-0.22558652919693242,-0.35351800061493005,46.77,-0.19119340618678382,94.78201267038587,91.02823199612803,83.7552360461252,0.3782158161818686,4257.390410458908,379.7724,156
2.85,1.4365402573651327,-0.7943839831444075,54.1,-0.9316238015593562,80.6429909237635,86.64323068985583,83.7552360461252,0.9129910513098319,4687.3987803212,154.185,12
2.01,1.3733724638912188,1.4490967786771594,43.17,-0.8770471201057896,85.30429001139386,91.02823199612803,89.00913420936939,0.20492840676543467,3929.688775272847,86.7717,59
8.75,0.873455570754109,0.08799541813629937,39.79,-0.3739251546436887,94.78201267038587,83.9818168308325,89.00913420936939,0.39334700373169784,3341.636491698825,348.16249999999997,137
1.61,-0.13412886502611232,-0.6591459817655051,3.83,-1.303253899828106,92.07214185964433,86.64323068985583,88.60967647662733,-1.4478467866123352,331.8435735421478,6.166300000000001,39
7.32,-1.275412004784863,1.4613599824068146,39.1,0.8204606973937387,87.94275005572842,91.02823199612803,89.00913420936939,0.009017363341855246,3559.203871048606,286.21200000000005,76
5.83,0.6820145279558669,1.191302908968967,46.03,0.9007107653534282,87.94275005572842,83.9818168308325,96.7004105274642,0.6992195523823855,3865.68302872322,268.3549,124
3.2,0.959875312746028,-1.1571006052600556,33.19,-0.4493527440559473,77.63211182942362,83.9818168308325,91.84597009696208,0.06982796188962445,2787.3565006153303,106.208,36
7.37,-1.726887338509462,-0.9182728084008338,36.25,0.001373692983002388,96.89157509333708,86.64323068985583,91.84597009696208,0.07469872175123467,3140.8171125072736,267.1625,125
2.14,-0.09227535769370314,-1.1467797101956563,55.77,-1.2926995442235871,80.6429909237635,83.9818168308325,83.7552360461252,1.1766552292826575,4683.665924655529,119.3478,53
6.65,1.3512831127991138,0.5361736215232111,37.27,-0.9532505518165391,92.07214185964433,97.72096194871693,88.60967647662733,-0.12304051740181549,3642.0602518286805,247.84550000000004,174
9.05,-1.0665320005981171,-0.5959257389356042,53.6,-0.9863304839624258,96.89157509333708,97.72096194871693,91.84597009696208,0.6571111206011957,5237.843560451228,485.08000000000004,236
4.45,-0.8460260221523687,-0.842751277357645,67.11,0.39399686289721625,85.78018855797596,91.02823199612803,83.7552360461252,1.35728967938472,6108.904649260152,298.6395,79
3.23,0.23247685660776818,-0.38200519437201796,59.65,-0.4898191533251039,77.63211182942362,83.9818168308325,83.7552360461252,1.3668452114564822,5009.515373959159,192.6695,20
8.24,-1.507156425014314,0.26527868944544913,5.89,0.5793334486593289,85.78018855797596,83.9818168308325,96.7004105274642,-1.2683644384571333,494.6529011336034,48.5336,87
5.11,0.5436654342737366,-0.7343628369396341,21.7,0.5077060597270351,94.78201267038587,86.64323068985583,88.60967647662733,-0.6086151939393866,1880.1581059698715,110.887,117
9.98,-0.5580893930044054,0.9922353130220443,54.99,0.07744034067923375,94.78201267038587,86.2603124030711,89.00913420936939,0.9996000053812898,4743.45457904488,548.8002,31
6.72,-1.7377382478178645,-0.06373316465546273,1.1,0.7557568998721089,85.30429001139386,86.2603124030711,83.7552360461252,-1.5311943379956343,94.88634364337821,7.392,174
9.85,0.8668675186740076,0.7200455085007783,69.24,2.747814830658076,92.07214185964433,83.9818168308325,88.60967647662733,1.836928182860343,5814.900997366842,682.0139999999999,67
4.72,0.5661423178411414,0.5524737805179084,70.19,-1.030084527895173,85.78018855797596,83.9818168308325,88.60967647662733,1.8834953176709446,5894.683723356133,331.29679999999996,26
6.11,0.9629755725484286,1.5707005349156373,69.46,-0.5244409930983986,77.63211182942362,86.64323068985583,88.60967647662733,1.6343451231316832,6018.238803717385,424.4006,61
5.07,-0.3154940634665522,-1.363251915162618,67.99,-0.8911839164133979,77.63211182942362,97.72096194871693,83.7552360461252,1.3445809351059923,6644.048202893264,344.7093,120
5.19,0.7823854390585889,-1.1333739719570266,39.05,0.9332316793825245,92.07214185964433,83.9818168308325,89.00913420936939,0.3570736566160714,3279.489947244009,202.6695,44
2.42,0.13288101045564632,1.2755077022803591,3.86,-0.4550808787323372,80.6429909237635,86.64323068985583,91.84597009696208,-1.446437891940808,334.4428704628435,9.341199999999999,28
5.62,0.09877815262923882,-0.4373800335736299,59.23,-0.7449674184642722,85.30429001139386,97.72096194871693,89.00913420936939,0.9260795052893127,5788.012576222503,332.8726,161
1.85,-1.1517891451641358,-1.038277016326748,9.62,-1.2846385497592292,87.94275005572842,86.2603124030711,96.7004105274642,-1.1310761749677742,829.8242053175439,17.797,44
7.18,-1.2653361604270608,1.1707753722910654,42.61,1.6882963737967691,85.30429001139386,91.02823199612803,83.7552360461252,0.1779725875228782,3878.712965355015,305.9398,36
1.83,0.30649555939008444,-1.1244622027870286,4.03,-0.9791397333496706,85.30429001139386,91.02823199612803,96.7004105274642,-1.6790908167232381,366.843774944396,7.374900000000001,13
4.44,0.9102711559076171,-0.873447371165416,26.13,0.48817382638710494,77.63211182942362,91.02823199612803,91.84597009696208,-0.6152986644723525,2378.5677020588255,116.0172,46
6.57,-0.23837510088183522,1.4950266659379186,21.95,0.02812151698757205,96.89157509333708,86.64323068985583,88.60967647662733,-0.5968744050099944,1901.8189136423352,144.2115,117
4.77,1.5396238957949553,-0.49237402793891716,45.78,0.4158966198263311,80.6429909237635,91.02823199612803,96.7004105274642,0.3305617785923492,4167.272460782741,218.3706,116
8.03,0.3855521843513018,1.0875607755541177,36.67,0.2698856253572941,94.78201267038587,91.02823199612803,88.60967647662733,-0.10795163801423761,3338.005267298015,294.4601,63
1.53,1.19627012267908,0.9067356472671482,26.38,-0.9724282881448345,85.30429001139386,86.64323068985583,83.7552360461252,-0.38882762518116615,2285.6484255983964,40.361399999999996,14
5.8,-1.4436010990651,-0.6408273451382869,41.87,1.2529731079139328,85.30429001139386,83.9818168308325,83.7552360461252,0.49530451994859365,3516.3186707069567,242.84599999999998,78
6.33,0.4793350433739224,1.2168956819699872,3.0,0.7446567180427609,96.89157509333708,83.9818168308325,96.7004105274642,-1.4100265643546472,251.9454504924975,18.990000000000002,181
5.88,-0.6840374474769331,0.712085851421592,3.7,-1.0053463155457663,99.07272504545242,83.9818168308325,89.00913420936939,-1.3757139387047306,310.7327222740803,21.756,113
9.26,-0.519723677949697,-1.0847020018747295,25.19,-0.29423850209810987,93.5065380044594,86.64323068985583,83.7552360461252,-0.44471378048507254,2182.5429810774685,233.2594,228
6.28,-0.8995055037437805,-1.182388702392016,61.1,1.149770317435937,85.78018855797596,86.64323068985583,96.7004105274642,1.2417331413328112,5293.901395150191,383.708,181
4.03,0.24952828552097192,-1.05495802015777,70.29,0.011369966065905466,77.63211182942362,86.2603124030711,91.84597009696208,1.7181220587059687,6063.237358811868,283.2687,59
7.36,0.4669340041643197,-0.6217089343547867,48.25,1.4504537658213916,93.5065380044594,97.72096194871693,96.7004105274642,0.4015194939437486,4715.036414025592,355.12,97
7.56,0.6874399826100681,1.0967010516259106,3.3,0.851440078033497,80.6429909237635,83.9818168308325,96.7004105274642,-1.3953211533618257,277.1399955417472,24.947999999999997,210
9.43,-0.9057060233485819,-0.0829658288898603,53.92,-0.033345963265790965,85.30429001139386,86.2603124030711,91.84597009696208,0.9493504238742697,4651.156044773594,508.4656,278
1.1,-0.46740679378418554,-0.4904317192736612,50.22,-1.2051279762254998,92.07214185964433,97.72096194871693,89.00913420936939,0.49563454151667763,4907.546709064564,55.242000000000004,26
7.59,-0.742554851247246,0.3306316633587683,36.01,0.14651832632041115,85.78018855797596,91.02823199612803,89.00913420936939,-0.13972099640725066,3277.92663418057,273.3159,134
2.46,-1.3308291487527752,-1.5692889716142828,21.94,-0.973516151434036,93.5065380044594,86.2603124030711,96.7004105274642,-0.5525015542514314,1892.55125412338,53.9724,70
7.59,1.6744851971993848,-1.2713159716738345,24.99,2.0831499090475796,96.89157509333708,91.02823199612803,96.7004105274642,-0.6701730107875566,2274.7955175832394,189.67409999999998,205
9.01,-0.801459787492859,-1.468745934824561,8.19,-0.21847929097623398,77.63211182942362,83.9818168308325,88.60967647662733,-1.155622954178835,687.8110798445181,73.7919,73
3.68,-1.189767327743544,-1.488321359411651,28.9,-0.39657539924206453,87.94275005572842,97.72096194871693,83.7552360461252,-0.5229100342472048,2824.1358003179193,106.352,59
3.65,1.2509122016963918,-0.7393519042954878,7.89,-0.9304975788679983,85.78018855797596,91.02823199612803,91.84597009696208,-1.4932882055156174,718.2127504494501,28.798499999999997,73
8.06,1.1912322005001788,0.7053829823022771,64.54,-0.14247041628203075,93.5065380044594,86.64323068985583,83.7552360461252,1.403286397001247,5591.954108723296,520.1924000000001,163
2.68,-1.5152946069956157,-0.42176539528431706,32.22,-0.9969446240985981,94.78201267038587,91.02823199612803,83.7552360461252,-0.32215413020955186,2932.929634915245,86.3496,68
7.01,1.639219741947077,0.33047932542423847,69.92,0.64997336366465,96.89157509333708,86.64323068985583,91.84597009696208,1.655948174761765,6058.094689834719,490.1392,125
7.18,1.2160342789193843,1.1227889229141528,63.6,0.3570707925482945,87.94275005572842,91.02823199612803,88.60967647662733,1.188334455203697,5789.395554953743,456.64799999999997,36
9.1,-0.8626899185902723,-1.135659040974975,68.4,0.7276526499834848,85.78018855797596,86.2603124030711,88.60967647662733,1.6293634521188025,5900.205368370063,622.44,260
1.38,-1.3013766806299687,1.6739475700432647,31.91,-0.7735185553880176,85.30429001139386,83.9818168308325,96.7004105274642,0.0070848749869194295,2679.859775071865,44.035799999999995,27
1.78,0.7242555677635762,1.019656141237423,24.16,-1.128612476744281,80.6429909237635,97.72096194871693,91.84597009696208,-0.7493594380521205,2360.9384406810013,43.0048,27
8.04,-1.0843584944619211,0.33272630995855423,11.62,0.8732444042548084,99.07272504545242,86.2603124030711,88.60967647662733,-1.0371517235527836,1002.344830123686,93.42479999999999,150
8.02,0.017783865291521032,0.9376983324603466,63.49,1.91833228207623,92.07214185964433,86.64323068985583,88.60967647662733,1.3539750834977997,5500.978716498947,509.1898,81
1.34,-0.05003431788599386,0.2754853310589512,11.21,-1.0141830587490976,99.07272504545242,86.2603124030711,89.00913420936939,-1.0564062360928566,966.9781020384271,15.021400000000002,29
7.71,-0.0934379551196034,0.12307122756180461,2.44,1.595230897374239,94.78201267038587,83.9818168308325,91.84597009696208,-1.4374766648745807,204.91563306723128,18.8124,86
2.21,1.0145173917633399,-0.13437988179369534,20.13,-0.9283466923414793,93.5065380044594,86.64323068985583,96.7004105274642,-0.6823473484159691,1744.1282337867976,44.4873,45
7.84,0.5754430972483435,-1.4554925345204612,37.58,-0.5284302773631389,85.30429001139386,91.02823199612803,89.00913420936939,-0.06414843174508365,3420.840958414491,294.62719999999996,89
1.26,-0.5747532894423091,-0.7340962455542068,60.43,-1.2280243291345396,96.89157509333708,86.2603124030711,88.60967647662733,1.2550745132300642,5212.7106785175865,76.1418,19
8.41,1.4082503866682263,0.24539858898929956,46.11,-0.5872221893160982,85.30429001139386,97.72096194871693,83.7552360461252,0.29928284328076976,4505.913555455338,387.7851,32
9.64,1.214484149018184,1.1935118090196504,40.14,0.4296298003756411,99.07272504545242,91.02823199612803,96.7004105274642,0.05907817050660277,3653.873232324579,386.94960000000003,247
4.48,-0.7642566698640507,1.120541938379837,56.37,-0.8057101399156742,92.07214185964433,97.72096194871693,91.84597009696208,0.7894454768331821,5508.530625049173,252.53760000000003,40
5.62,-1.7423886375214657,0.6305088874808403,65.72,0.37511337125131516,85.30429001139386,97.72096194871693,89.00913420936939,1.2361336467859168,6422.221619269677,369.3464,108
7.41,-0.05042185036129395,0.37949405585922785,64.58,1.585859742207208,80.6429909237635,86.2603124030711,83.7552360461252,1.4499677499161698,5570.690974990332,478.5378,114
4.57,-1.1490764178370352,-1.6993855677028018,37.32,0.07021544084260757,80.6429909237635,86.2603124030711,88.60967647662733,0.16977747712984695,3219.2348588826135,170.5524,117
3.69,-1.1122608326835273,0.6686695400805757,5.53,0.28697272748831126,99.07272504545242,86.2603124030711,83.7552360461252,-1.32315167811143,477.0195275889832,20.4057,74
2.35,-0.2728654911835428,-1.4526742827316586,58.19,-0.51585812364568,80.6429909237635,97.72096194871693,96.7004105274642,0.876394404032538,5686.382775795838,136.7465,45
9.98,-0.15156782641461616,0.3533300156037207,29.73,2.1420422103627677,96.89157509333708,86.64323068985583,89.00913420936939,-0.23150105352731173,2575.9032484094137,296.7054,186
7.18,1.2218472660488855,1.6177729566853707,26.45,-0.17660125570772456,85.30429001139386,97.72096194871693,96.7004105274642,-0.6399566670155684,2584.7194435435626,189.911,54
1.88,-0.9863127782109995,-0.44492076133285907,52.49,-0.8894146123788168,87.94275005572842,83.9818168308325,83.7552360461252,1.0158760690944755,4408.205565450398,98.6812,51
4.2,0.1510950367947503,0.3628511365118383,56.95,-0.6375195520008159,94.78201267038587,86.64323068985583,96.7004105274642,1.0468360451049021,4934.33198778729,239.19000000000003,42
8.8,-1.3467179802400786,0.6211401045072527,64.15,0.8458775904827601,92.07214185964433,91.02823199612803,91.84597009696208,1.2148089205312078,5839.461082551614,564.5200000000001,232
8.84,-0.8413756324487677,-1.0503878821218735,71.46,0.2690325496771445,80.6429909237635,91.02823199612803,91.84597009696208,1.5666786324295772,6504.877458443309,631.7063999999999,262
8.76,-0.6538099144035264,-1.3326700748057443,35.62,1.318197751269231,93.5065380044594,83.9818168308325,83.7552360461252,0.1889417909314787,2991.4323155142533,312.03119999999996,68
2.88,-0.7282161496611428,1.140612461254149,55.28,-0.6899215360306714,85.78018855797596,91.02823199612803,83.7552360461252,0.7878479978857165,5032.040664745958,159.2064,68
4.63,1.2323106428819879,0.1773797012217074,1.33,-0.1621516431535073,99.07272504545242,91.02823199612803,89.00913420936939,-1.8090563737855638,121.06754855485029,6.157900000000001,105
1.16,-1.7726161705948722,1.392236644613881,53.09,-1.2544528345060373,94.78201267038587,86.2603124030711,96.7004105274642,0.9103717765370487,4579.559985479045,61.5844,30
6.3,-0.7382919940189451,-1.4101719989978216,59.49,-0.3340686598688176,92.07214185964433,91.02823199612803,88.60967647662733,0.9904979961199349,5415.269521449656,374.787,68
4.9,-0.9491096605821914,-0.02522975170303516,71.73,-0.17818858648085675,99.07272504545242,86.2603124030711,83.7552360461252,1.7857476637247618,6187.45220867229,351.47700000000003,114
3.02,-0.965773557020095,-0.6818443340104574,53.12,-0.5286709592217904,77.63211182942362,86.64323068985583,96.7004105274642,0.8669671587066146,4602.488414245141,160.42239999999998,22
7.94,-1.4901049961011101,1.2286637874124207,71.62,1.1653261309447769,85.78018855797596,91.02823199612803,83.7552360461252,1.574380295070308,6519.44197556269,568.6628000000001,163
4.42,1.6760353271005852,-0.47447432063165607,34.68,-0.9274234002434799,92.07214185964433,91.02823199612803,89.00913420936939,-0.203741067108322,3156.85908562572,153.2856,96
6.96,-0.08452470818770144,1.372813557961321,44.0,-0.6916375111403034,80.6429909237635,91.02823199612803,91.84597009696208,0.24488078171422353,4005.242207829633,306.24,177
2.03,-1.1238868069425296,0.7485327022578662,15.1,-1.1542248156652646,99.07272504545242,86.64323068985583,83.7552360461252,-0.9185720216753384,1308.3127834168229,30.652999999999995,20
3.66,-1.548622399871423,1.0001188011339657,36.24,-0.9283900571778193,85.30429001139386,97.72096194871693,89.00913420936939,-0.17224787730035207,3541.407661021502,132.63840000000002,103
9.16,1.338494541114211,-0.9915854393933393,68.41,2.0160856984600914,85.78018855797596,86.64323068985583,91.84597009696208,1.5850338096282364,5927.263411493037,626.6356,46
9.9,0.0809516587654349,-0.4176141865683778,33.96,-0.5404454244934328,80.6429909237635,83.9818168308325,89.00913420936939,0.10757185010453316,2852.022499575072,336.204,76
4.83,-1.0630442083204164,-1.2618710197329819,61.44,0.6186395795727743,80.6429909237635,97.72096194871693,83.7552360461252,1.031660345459959,6003.975902129168,296.7552,15
9.05,-0.09537561749610382,-1.272077661346484,27.46,0.3099478107312888,96.89157509333708,97.72096194871693,83.7552360461252,-0.5917047898335083,2683.417615111767,248.51300000000003,54
7.21,1.237736097536189,0.36917316079482837,47.07,1.3365980080074802,93.5065380044594,97.72096194871693,89.00913420936939,0.3451460136716388,4599.725678926106,339.3747,43
4.74,1.2660259682330952,1.1039751879997124,49.17,-0.8354108894101411,85.78018855797596,83.9818168308325,91.84597009696208,0.8531361874405841,4129.385933572034,233.06580000000002,62
9.28,-1.0816457671348205,0.31695933373471147,32.29,-0.7375619955387177,85.78018855797596,83.9818168308325,89.00913420936939,0.025711728911159967,2711.772865467581,299.65119999999996,192
3.02,0.3491241316730938,0.8551692564287833,38.14,-0.3887671090343512,87.94275005572842,86.2603124030711,88.60967647662733,0.20828650220999312,3289.968315053132,115.1828,16
6.97,0.6448114103270588,-0.9940228463458174,60.57,0.546071964269822,85.30429001139386,91.02823199612803,83.7552360461252,1.042484218944865,5513.580012005475,422.17289999999997,206
8.67,-0.7487553708520474,-1.3623759720390711,54.35,0.15599356645061038,96.89157509333708,86.2603124030711,89.00913420936939,0.9695441809284927,4688.2479791069145,471.2145,103
6.79,0.7618462178676845,-0.5630207450771498,6.6,0.16801049121173595,87.94275005572842,83.9818168308325,88.60967647662733,-1.2335616324407892,554.2799910834945,44.814,125
2.07,1.3590337623051156,1.52541808387663,2.26,-0.9713183915892724,93.5065380044594,91.02823199612803,83.7552360461252,-1.7642904596863183,205.72380431124932,4.6781999999999995,8
6.74,1.428789607859131,1.0709940251739931,15.69,0.8006029704925844,92.07214185964433,86.2603124030711,88.60967647662733,-0.8460154649232775,1353.4243016041855,105.7506,193
3.99,1.205183369610982,1.5443841567256003,26.79,-0.47308818549727727,85.78018855797596,83.9818168308325,89.00913420936939,-0.24388747262390115,2249.8728728980027,106.8921,22
8.47,0.054986982920329205,0.9978718165996499,38.06,1.480158023797763,85.78018855797596,97.72096194871693,83.7552360461252,-0.08529895010099624,3719.259811768167,322.36820000000006,35
3.29,-0.5549891332020048,-0.7999062332711158,9.57,-0.08564297351706245,96.89157509333708,91.02823199612803,91.84597009696208,-1.4124207477879482,871.1401802029452,31.485300000000002,29
7.81,-1.503668632736613,1.424951216054173,60.46,0.8833307751530199,85.30429001139386,97.72096194871693,91.84597009696208,0.9848416923526138,5908.209359419426,472.19259999999997,186
9.67,-1.7710660406936718,0.9113819542703095,53.27,1.2865932994933598,99.07272504545242,86.2603124030711,96.7004105274642,0.9188249771643978,4595.086841711598,515.1209,142
2.56,-0.9836000508838989,-1.2191402290973499,28.51,-0.6515153073358617,87.94275005572842,83.9818168308325,88.60967647662733,-0.159576449598391,2394.321597847035,72.9856,68
9.24,-0.22248626939453173,-0.370351342380482,29.25,0.34724802559051077,77.63211182942362,91.02823199612803,88.60967647662733,-0.4651162429781098,2662.5757858867446,270.27,101
7.3,1.4539792187536364,-0.2439489412043127,60.86,0.6057732747324387,96.89157509333708,91.02823199612803,88.60967647662733,1.0564434824811888,5539.978199284352,444.27799999999996,83
2.89,0.04607373598842725,1.6913521790633035,25.52,-0.46695245878309716,87.94275005572842,83.9818168308325,96.7004105274642,-0.3061403791601789,2143.215965522845,73.75280000000001,85
7.25,0.2479781556197716,-1.1599950260161234,55.02,0.6357096538716146,96.89157509333708,86.2603124030711,88.60967647662733,1.0010088721525146,4746.042388416972,398.89500000000004,135
8.9,0.8831438826366111,-1.6723455843237478,38.11,-0.9085173139741136,77.63211182942362,86.2603124030711,83.7552360461252,0.20687763543876822,3287.3805056810393,339.17900000000003,61
9.85,-0.2077600353331285,-1.0051435155664987,60.6,1.9059018242479562,85.30429001139386,97.72096194871693,96.7004105274642,0.9915300713679489,5921.890294092246,596.91,108
1.92,-0.3743989997121651,1.4942268917816368,40.85,-1.137178973281445,85.78018855797596,97.72096194871693,89.00913420936939,0.047990888847466766,3991.901295605087,78.432,46
4.49,0.18636049204705807,1.0200369860737477,4.82,0.19573180199541904,80.6429909237635,86.64323068985583,89.00913420936939,-1.4013532624519422,417.62037192510513,21.641800000000003,38
7.8,1.6717724698722842,1.2759266316003164,14.95,1.324640493539938,93.5065380044594,83.9818168308325,83.7552360461252,-0.8242610264739236,1255.5281616209459,116.60999999999999,64
7.62,-1.0409548572283116,0.14683594534846614,3.89,-0.16820461647449897,92.07214185964433,83.9818168308325,96.7004105274642,-1.3664005117426101,326.6892674719384,29.6418,77
5.2,-0.815798489078962,-1.5366886536248883,11.91,-0.4703628435335879,80.6429909237635,86.64323068985583,83.7552360461252,-1.0683844884143818,1031.9208775161828,61.932,22
8.11,0.47468465367032137,-1.3722779377835135,56.67,0.04515168815221797,99.07272504545242,97.72096194871693,89.00913420936939,0.8037777175803289,5537.846913633789,459.59369999999996,72
4.74,1.610929871250171,0.2776942311096345,7.53,-0.7557605847370934,92.07214185964433,86.2603124030711,96.7004105274642,-1.2292272266964392,649.5401523951253,35.6922,41
9.55,1.5694638963930618,0.6343173358440873,71.76,2.340261239981977,94.78201267038587,97.72096194871693,96.7004105274642,1.5246894271618012,7012.4562294399275,685.3080000000001,281
9.14,-0.25077614009143795,-1.5370314139775805,49.46,0.24325278599967604,94.78201267038587,91.02823199612803,96.7004105274642,0.5077000193291483,4502.256354528492,452.06440000000003,253
7.52,-1.6420177264187434,0.8440105027244694,59.37,0.11865967016510498,77.63211182942362,97.72096194871693,88.60967647662733,0.9327678843046477,5801.693510895324,446.46239999999995,185
3.88,-1.2757995372601632,-1.2570723747952905,12.89,0.3254966072763198,85.78018855797596,97.72096194871693,96.7004105274642,-1.2877739487865931,1259.6231995189614,50.0132,68
8.78,0.8947698568956136,-1.2173121738829913,15.6,2.0566314462000492,92.07214185964433,83.9818168308325,96.7004105274642,-0.7923993026561438,1310.116342560987,136.968,234
1.21,0.30727062434068464,-1.5469714642056553,7.21,-1.3348857177628326,77.63211182942362,86.64323068985583,96.7004105274642,-1.2891113202869535,624.6976932738605,8.7241,29
4.67,1.0656716785029512,1.4098316760520824,29.72,-0.5790722197506413,99.07272504545242,83.9818168308325,83.7552360461252,-0.1002646252606777,2495.9395962123417,138.7924,63
7.8,-1.5098691523414145,-1.3737251481615473,26.4,0.5977122802680807,85.78018855797596,86.2603124030711,91.84597009696208,-0.3430500275960023,2277.272247441077,205.92,84
7.89,0.9800270014616324,0.1678585803135898,29.05,1.1436820253971065,99.07272504545242,86.64323068985583,83.7552360461252,-0.26343599941525825,2516.9858515403116,229.2045,124
3.65,-0.884004204731777,-0.24825248785478188,49.09,0.15823988368493294,96.89157509333708,91.02823199612803,88.60967647662733,0.4898899244724594,4468.575908689925,179.1785,89
8.87,-0.9010556336449808,-1.1209203458092087,3.97,1.1351504733397113,94.78201267038587,86.64323068985583,88.60967647662733,-1.4412719448118756,343.9736258387276,35.213899999999995,121
7.73,0.38438958692540154,-0.679140335672552,30.3,1.0458610122618845,92.07214185964433,97.72096194871693,96.7004105274642,-0.4560262440938541,2960.945147046123,234.21900000000002,130
2.75,-0.647221862323425,1.6133170721003716,57.78,-0.3044497281723646,85.30429001139386,86.2603124030711,83.7552360461252,1.1306246151052017,4984.120850649448,158.895,71
1.66,-1.371132526183984,-0.48468096224515816,7.97,-0.8352352781958793,87.94275005572842,91.02823199612803,88.60967647662733,-1.4894373741952522,725.4950090091404,13.230199999999998,26
3.57,-1.3556312271719806,-0.7701622515541563,23.56,-0.5759488288199419,96.89157509333708,83.9818168308325,91.84597009696208,-0.4022157309799462,1978.6116045344136,84.10919999999999,70
6.1,0.20961244056506317,0.4019639012023854,12.97,-0.32932668928615627,99.07272504545242,83.9818168308325,88.60967647662733,-0.9213167390265455,1089.2441642958977,79.117,147
2.21,0.30649555939008444,0.6597577709105776,33.86,-0.9824706392900838,77.63211182942362,97.72096194871693,83.7552360461252,-0.28595032056104824,3308.831771583555,74.8306,24
8.58,-0.9099688805768827,0.9525893655606426,14.95,1.6304059545742422,96.89157509333708,86.2603124030711,91.84597009696208,-0.8807675119468239,1289.5916704259128,128.271,170
8.31,0.773472192126687,1.2092787852434932,16.11,-0.9021750546251529,85.78018855797596,86.2603124030711,91.84597009696208,-0.8262913301261293,1389.6536328134753,133.8741,83
4.29,-0.38098705179226655,1.2071079696764424,53.06,-0.6927191059418356,87.94275005572842,91.02823199612803,96.7004105274642,0.6809874287455823,4829.957989714553,227.62740000000002,66
1.1,-0.28216627059074484,1.3290544862676126,49.58,-1.018972323667832,77.63211182942362,97.72096194871693,88.60967647662733,0.4650590945894316,4845.0052934173855,54.538000000000004,7
7.62,1.2710638904119964,0.05497617082694752,3.87,1.3811901580975843,99.07272504545242,86.2603124030711,96.7004105274642,-1.4011089727858723,333.82740899988517,29.4894,70
5.66,0.49483634238592583,0.20122058797563389,34.35,-0.07099669885715602,85.30429001139386,86.64323068985583,96.7004105274642,-0.01453127411214536,2976.1949741965477,194.42100000000002,24
6.7,-0.06243535709559659,-0.4216511418334196,42.08,0.5029483711454416,94.78201267038587,86.64323068985583,88.60967647662733,0.34849391958465875,3645.947147429133,281.936,88
3.26,-0.38369977911936715,0.8415350112883588,29.81,-0.1435518239645282,99.07272504545242,86.64323068985583,88.60967647662733,-0.22774400106990633,2582.834706864602,97.18059999999998,40
8.94,0.9943657030477355,-0.9093991237144682,17.33,0.935048932669801,99.07272504545242,86.64323068985583,88.60967647662733,-0.8138441844251608,1501.5271878552014,154.93019999999999,94
7.46,-1.047542909308413,1.564035750279955,17.35,1.4756440577591383,96.89157509333708,97.72096194871693,88.60967647662733,-1.0747013030123473,1695.4586898102389,129.431,167
6.32,0.8102877772801951,-1.624016374594143,18.3,-0.7837590655912354,93.5065380044594,91.02823199612803,96.7004105274642,-0.9921987799530961,1665.816645529143,115.656,119
2.32,-0.742554851247246,-0.4469011544817475,66.49,-0.805762299346655,87.94275005572842,86.64323068985583,88.60967647662733,1.494864550650505,5760.908408568514,154.25679999999997,32
2.95,1.1943324603025796,0.6683267797278835,13.11,-0.25034533516290786,85.78018855797596,97.72096194871693,91.84597009696208,-1.2772636389053522,1281.121811147679,38.6745,56
3.38,0.37702646989469996,0.5275665282222728,43.35,-1.1632642555631612,96.89157509333708,86.2603124030711,88.60967647662733,0.4529596981460439,3739.3845426731323,146.523,44
8.74,1.4035999969646253,1.6801553408753573,30.81,-0.46060655061295563,85.78018855797596,83.9818168308325,88.60967647662733,-0.04683496532009286,2587.479776557949,269.2794,48
8.9,1.5752768835225632,0.7764486287604669,54.42,-0.6538893800912684,99.07272504545242,86.2603124030711,91.84597009696208,0.9728315367280174,4694.286200975129,484.338,185
5.7,0.5529662136809386,-1.5192459601212167,50.53,-0.12370770997316344,87.94275005572842,86.64323068985583,89.00913420936939,0.7453325853981124,4378.082446758415,288.021,161
8.24,-1.1785288859598417,0.38787264225837137,10.51,0.6217529596351061,77.63211182942362,97.72096194871693,88.60967647662733,-1.4014763920472892,1027.047310081015,86.6024,76
4.68,-0.5987803029109144,-1.708792435160022,51.35,0.35415402781189353,80.6429909237635,86.2603124030711,88.60967647662733,0.8286575038060067,4429.467041897701,240.31799999999998,87
7.19,0.20689971323796258,0.3048103834559534,26.72,-0.6145296395743217,85.78018855797596,91.02823199612803,96.7004105274642,-0.5868987834846592,2432.274358936541,192.1168,148
4.29,-0.04925925293539369,1.6613796904445493,29.22,-0.8507025844012072,87.94275005572842,91.02823199612803,88.60967647662733,-0.4665603047232468,2659.844938926861,125.35379999999999,76
5.99,-0.18760834661752407,-0.20533127480098773,42.01,0.814817608318715,96.89157509333708,97.72096194871693,88.60967647662733,0.10340888640309998,4105.2576114655985,251.63989999999998,82
8.05,-0.7716197868947523,-1.2355165570593123,16.23,0.31432302800552875,92.07214185964433,83.9818168308325,89.00913420936939,-0.7615179395712185,1363.0248871644114,130.65150000000003,97
9.68,-1.7652530535641706,-1.2813702753528067,59.45,0.9559710862010344,85.78018855797596,83.9818168308325,89.00913420936939,1.3570416041279347,4992.719010592992,575.476,185
1.72,-1.5590857767045254,0.1824068530611935,67.08,-1.0487325302356414,80.6429909237635,83.9818168308325,83.7552360461252,1.7310492237120283,5633.500273012244,115.3776,35
6.76,0.9885527159182342,-1.6826283949045149,15.32,0.7672262675573324,99.07272504545242,86.64323068985583,96.7004105274642,-0.9082401274174734,1327.3742941685912,103.5632,167
5.64,-0.3278951026761549,1.334843327779748,13.03,-1.0697876318411776,85.78018855797596,86.2603124030711,88.60967647662733,-0.9709349853052149,1123.9718706120163,73.4892,53
8.02,0.4432945231710145,1.6067284564319544,29.06,0.9338480494835144,96.89157509333708,86.64323068985583,83.7552360461252,-0.2629663678580827,2517.8522838472104,233.06119999999999,136
3.56,0.41151686019640754,-0.0015412028836385642,69.39,-0.8383531491150488,92.07214185964433,86.64323068985583,88.60967647662733,1.6310577022314536,6012.173777569096,247.0284,68
3.35,0.7862607638115898,0.7909588170244382,8.56,-1.1605944879528396,77.63211182942362,86.2603124030711,91.84597009696208,-1.180856134217719,738.3882741702886,28.676000000000002,36
8.32,-0.2104727626602291,0.47413399768591685,69.59,0.9420398401532736,87.94275005572842,97.72096194871693,88.60967647662733,1.4210195524241076,6800.401742011211,578.9888000000001,197
8.76,1.2613755785294942,-1.1556914793656543,19.31,0.40136383286109695,93.5065380044594,91.02823199612803,88.60967647662733,-0.9435820345334855,1757.7551598452321,169.1556,212
9.6,1.4807189595493424,0.9377745014276115,1.69,2.3927641279514074,85.30429001139386,97.72096194871693,89.00913420936939,-1.8228442700133982,165.1484256933316,16.224,93
9.38,1.2268851882277867,-0.16930335328467072,26.1,2.552268930944347,94.78201267038587,86.64323068985583,88.60967647662733,-0.4019773087820852,2261.3883210052372,244.81800000000004,96
3.11,-0.26201458187514043,-0.41121599331812275,15.68,-1.0079215880434587,85.30429001139386,91.02823199612803,96.7004105274642,-1.1183135056950564,1427.3226776992874,48.764799999999994,30
9.28,1.329193761707009,1.3280262052095357,1.47,2.3640952931547043,96.89157509333708,86.64323068985583,91.84597009696208,-1.5586798341057968,127.36554911408807,13.641599999999999,267
5.43,-0.0542971751142948,0.7139139066359506,13.98,0.5822085794104631,94.78201267038587,86.2603124030711,83.7552360461252,-0.9263208708830943,1205.919167394934,75.9114,91
5.73,0.8881818048155122,0.6516076914132289,67.72,-1.0726969118161824,99.07272504545242,83.9818168308325,91.84597009696208,1.7624207671633807,5687.248635783977,388.03560000000004,70
7.28,1.1222514198967637,-0.16039158411467264,49.93,-1.0423956037791753,96.89157509333708,91.02823199612803,91.84597009696208,0.5303236533362937,4545.039623566672,363.4904,63
8.76,-0.6104062771699169,1.002251532217384,19.66,-0.016546696990222553,94.78201267038587,97.72096194871693,88.60967647662733,-0.9643430492593189,1921.1941119117748,172.2216,252
2.89,0.5649797204152412,0.08631970085647067,61.66,-0.9431792907803964,96.89157509333708,91.02823199612803,89.00913420936939,1.0949517956848407,5612.800784881254,178.1974,22
7.49,-0.3015428943557491,1.0360705536830177,31.69,0.13151783532742203,99.07272504545242,83.9818168308325,91.84597009696208,-0.00369909307448296,2661.383775369082,237.3581,51
2.59,1.3733724638912188,-1.0648219014185798,71.68,-0.37224912944800975,96.89157509333708,91.02823199612803,91.84597009696208,1.577268418560582,6524.903669482458,185.65120000000002,43
6.06,-1.4959179832306115,0.2526727253631014,8.03,-0.7192545498417836,93.5065380044594,97.72096194871693,83.7552360461252,-1.5199562488903673,784.6993244481969,48.66179999999999,53
3.34,0.48902335525642454,1.0610920594295508,40.58,-0.12491551656374164,92.07214185964433,91.02823199612803,83.7552360461252,0.08025774276861125,3693.9256544028754,135.53719999999998,41
6.19,1.619843118182073,-0.8648021933808453,70.54,-0.3878318880978766,94.78201267038587,86.2603124030711,96.7004105274642,1.7298626151328425,6084.802436912636,436.6426000000001,72
6.52,1.1458909008900688,1.4172962348440465,68.92,1.270230956164304,93.5065380044594,86.64323068985583,89.00913420936939,1.6089850190441966,5971.451459144863,449.35839999999996,132
4.64,-1.3459429152894784,-1.341162914655785,12.5,-0.7560889318635998,77.63211182942362,86.2603124030711,88.60967647662733,-0.9958249649301875,1078.2539050383887,57.99999999999999,53
3.44,1.0261433660223425,0.0767604954647206,54.1,-0.5036757388779363,80.6429909237635,86.2603124030711,89.00913420936939,0.9578036245016188,4666.6829010061465,186.104,52
6.96,-1.2905257713215663,-0.6849291771846876,12.85,-0.7921263739157391,85.78018855797596,83.9818168308325,96.7004105274642,-0.9271989034236743,1079.1663462761976,89.43599999999999,32
7.94,1.5279979215359527,-1.3205211245269861,8.38,1.01778543836536,87.94275005572842,86.64323068985583,91.84597009696208,-1.2341644280973985,726.0702731809919,66.53720000000001,41
3.23,0.005382826081918309,0.4760763063511728,45.48,-1.0901274709357747,77.63211182942362,97.72096194871693,96.7004105274642,0.26918513771176183,4444.349349427645,146.9004,82
5.2,1.633406754817576,-0.3762544373435149,39.95,-0.8798456723918869,94.78201267038587,97.72096194871693,89.00913420936939,0.004994166606027139,3903.952429851242,207.74,148
6.68,0.9629755725484286,0.8769154965829239,46.42,0.3941493649106669,99.07272504545242,86.2603124030711,89.00913420936939,0.5971337310680547,4004.2037017505604,310.0856,183
3.77,0.8184259592614969,-0.43917000430435604,12.06,-1.226242067106791,85.30429001139386,86.64323068985583,89.00913420936939,-1.0613400150567465,1044.9173621196612,45.4662,64
5.22,-1.7458764297991662,0.7195504102135561,68.23,-0.12606232234893966,96.89157509333708,97.72096194871693,83.7552360461252,1.35604672770371,6667.501233760957,356.1606,16
8.17,1.6818483142300866,0.12908857597573495,14.39,1.9975583411173812,80.6429909237635,86.2603124030711,96.7004105274642,-0.9070663583430213,1241.2858954801932,117.5663,120
3.37,0.8819812852107108,1.3854195220436687,18.01,-0.17817174576771508,77.63211182942362,91.02823199612803,96.7004105274642,-1.00615804348942,1639.418458250266,60.69370000000001,92
8.28,0.823076348965098,-0.7976211642531675,61.6,-0.3962744182744136,80.6429909237635,97.72096194871693,88.60967647662733,1.0393042071917709,6019.611256040963,510.04799999999994,89
7.3,1.324930904478708,-0.7986875297948767,23.77,-0.6098140995553413,99.07272504545242,91.02823199612803,83.7552360461252,-0.7288981884231258,2163.7410745479633,173.521,213
2.13,0.9850649236405334,-1.695120105535965,17.53,-1.185141043630741,92.07214185964433,97.72096194871693,83.7552360461252,-1.0661019585640594,1713.048462961008,37.3389,34
5.17,-1.5974514917592337,-0.08753596692575674,6.7,0.45733618841629015,80.6429909237635,91.02823199612803,83.7552360461252,-1.5505693214060496,609.8891543740579,34.639,35
5.23,-0.57862861419531,-0.4877277209357558,59.02,0.6495299851114332,77.63211182942362,86.64323068985583,88.60967647662733,1.144049777440269,5113.683475315291,308.67460000000005,32
3.22,-1.5858255175002312,-0.7418273957315984,33.72,-0.22188911436962008,85.30429001139386,91.02823199612803,89.00913420936939,-0.2499510429527044,3069.471982909437,108.5784,55
9.43,-0.7917714756103568,1.4045760173108013,52.7,1.9769752940571612,93.5065380044594,91.02823199612803,83.7552360461252,0.6636586878039389,4797.187826195947,496.961,168
4.24,-1.4680156450090054,1.5919516767825557,16.46,-1.0190992839330177,93.5065380044594,97.72096194871693,96.7004105274642,-1.117220283895549,1608.4870336758809,69.7904,85
2.08,-0.255426529795039,-1.6915020795908804,69.79,-0.8141561317943571,96.89157509333708,97.72096194871693,88.60967647662733,1.4305743795888721,6819.945934400956,145.16320000000002,44
3.24,1.3753101262677192,-1.2798088115238753,49.7,-0.8064746147327945,96.89157509333708,97.72096194871693,91.84597009696208,0.4707919908882905,4856.731808851232,161.02800000000002,94
6.8,1.60666701402187,-1.1999837338302173,9.93,-0.4349965974596669,85.78018855797596,86.64323068985583,83.7552360461252,-1.1613715367351674,860.3672807502684,67.524,200
1.19,0.5998576431922489,0.05181515868545248,52.43,-1.2377970885302443,94.78201267038587,91.02823199612803,96.7004105274642,0.6506621320977062,4772.610203556993,62.3917,4
7.27,-0.5937423807320132,1.0927783498117662,14.25,-0.014532126680634812,87.94275005572842,97.72096194871693,88.60967647662733,-1.2228011240661953,1392.5237077692163,103.5975,165
1.62,-0.8146358916530618,0.5071532449952687,21.99,-1.1640152110300093,99.07272504545242,86.2603124030711,96.7004105274642,-0.5501534429660567,1896.8642697435332,35.6238,20
8.95,0.5130503687250298,1.3598267490426486,17.95,1.714837010249936,87.94275005572842,91.02823199612803,96.7004105274642,-1.009046166979694,1633.9567643304981,160.65249999999997,185
7.15,-0.820061346307263,1.3241035033953914,21.1,0.1484871460259638,77.63211182942362,83.9818168308325,88.60967647662733,-0.5228001011210824,1772.016335130566,150.865,83
